format,image,mana_cost,name,percentage_deck,played_number,type
pauper,https://cdn1.mtggoldfish.com/images/gf/Mountain%2B%253C253%253E%2B%255BTHB%255D.jpg,0,Mountain,38%,6.1,lands
pauper,https://cdn1.mtggoldfish.com/images/gf/Plains%2B%253C250%253E%2B%255BTHB%255D.jpg,0,Plains,36%,3.7,lands
pauper,https://cdn1.mtggoldfish.com/images/gf/Ash%2BBarrens%2B%255B2XM%255D.jpg,0,Ash Barrens,29%,2.2,lands
pauper,https://cdn1.mtggoldfish.com/images/gf/Forest%2B%253C254%253E%2B%255BTHB%255D.jpg,0,Forest,25%,10.7,lands
pauper,https://cdn1.mtggoldfish.com/images/gf/Swamp%2B%253C252%253E%2B%255BTHB%255D.jpg,0,Swamp,23%,6.2,lands
pauper,https://cdn1.mtggoldfish.com/images/gf/Great%2BFurnace%2B%255BC21%255D.jpg,0,Great Furnace,22%,2.8,lands
pauper,https://cdn1.mtggoldfish.com/images/gf/Island%2B%253C251%253E%2B%255BTHB%255D.jpg,0,Island,18%,9.0,lands
pauper,https://cdn1.mtggoldfish.com/images/gf/Rustvale%2BBridge%2B%255BMH2%255D.jpg,0,Rustvale Bridge,16%,3.9,lands
pauper,https://cdn1.mtggoldfish.com/images/gf/Boros%2BGarrison%2B%253Cprecon%253E%2B%255BCMR%255D.jpg,0,Boros Garrison,16%,3.2,lands
pauper,https://cdn1.mtggoldfish.com/images/gf/Snow-Covered%2BIsland%2B%253C279%253E%2B%255BKHM%255D.jpg,0,Snow-Covered Island,14%,11.3,lands
pauper,https://cdn1.mtggoldfish.com/images/gf/Ancient%2BDen%2B%255BC21%255D.jpg,0,Ancient Den,13%,3.0,lands
pauper,https://cdn1.mtggoldfish.com/images/gf/Forgotten%2BCave%2B%253Cprecon%253E%2B%255BCMR%255D.jpg,0,Forgotten Cave,12%,1.1,lands
pauper,https://cdn1.mtggoldfish.com/images/gf/Drossforge%2BBridge%2B%255BMH2%255D.jpg,0,Drossforge Bridge,12%,3.2,lands
pauper,https://cdn1.mtggoldfish.com/images/gf/Wind-Scarred%2BCrag%2B%255BIKO%255D.jpg,0,Wind-Scarred Crag,12%,3.1,lands
pauper,https://cdn1.mtggoldfish.com/images/gf/Bojuka%2BBog%2B%255BC21%255D.jpg,0,Bojuka Bog,10%,1.3,lands
pauper,https://cdn1.mtggoldfish.com/images/gf/Vault%2Bof%2BWhispers%2B%255BMRD%255D.jpg,0,Vault of Whispers,9%,3.0,lands
pauper,https://cdn1.mtggoldfish.com/images/gf/Snow-Covered%2BMountain%2B%253C283%253E%2B%255BKHM%255D.jpg,0,Snow-Covered Mountain,9%,2.0,lands
pauper,https://cdn1.mtggoldfish.com/images/gf/Cave%2Bof%2BTemptation%2B%255BMH1%255D.jpg,0,Cave of Temptation,8%,1.4,lands
pauper,https://cdn1.mtggoldfish.com/images/gf/Silverbluff%2BBridge%2B%255BMH2%255D.jpg,0,Silverbluff Bridge,8%,3.3,lands
pauper,https://cdn1.mtggoldfish.com/images/gf/Seat%2Bof%2Bthe%2BSynod%2B%255BMRD%255D.jpg,0,Seat of the Synod,8%,2.5,lands
pauper,https://cdn1.mtggoldfish.com/images/gf/Evolving%2BWilds%2B%255BMID%255D.jpg,0,Evolving Wilds,8%,2.3,lands
pauper,https://cdn1.mtggoldfish.com/images/gf/Ice%2BTunnel%2B%255BKHM%255D.jpg,0,Ice Tunnel,7%,3.4,lands
pauper,https://cdn1.mtggoldfish.com/images/gf/Radiant%2BFountain%2B%255BM21%255D.jpg,0,Radiant Fountain,7%,1.1,lands
pauper,https://cdn1.mtggoldfish.com/images/gf/Rakdos%2BCarnarium%2B%255BC20%255D.jpg,0,Rakdos Carnarium,6%,2.4,lands
pauper,https://cdn1.mtggoldfish.com/images/gf/Secluded%2BSteppe%2B%255BC15%255D.jpg,0,Secluded Steppe,6%,1.5,lands
pauper,https://cdn1.mtggoldfish.com/images/gf/Volatile%2BFjord%2B%255BKHM%255D.jpg,0,Volatile Fjord,5%,3.8,lands
pauper,https://cdn1.mtggoldfish.com/images/gf/Crumbling%2BVestige%2B%255BOGW%255D.jpg,0,Crumbling Vestige,5%,1.9,lands
pauper,https://cdn1.mtggoldfish.com/images/gf/Lorehold%2BCampus%2B%255BSTX%255D.jpg,0,Lorehold Campus,5%,1.0,lands
pauper,https://cdn1.mtggoldfish.com/images/gf/Mistvault%2BBridge%2B%255BMH2%255D.jpg,0,Mistvault Bridge,5%,2.8,lands
pauper,https://cdn1.mtggoldfish.com/images/gf/Terramorphic%2BExpanse%2B%253Cprecon%253E%2B%255BCMR%255D.jpg,0,Terramorphic Expanse,4%,2.0,lands
pauper,https://cdn1.mtggoldfish.com/images/gf/Razortide%2BBridge%2B%255BMH2%255D.jpg,0,Razortide Bridge,4%,2.4,lands
pauper,https://cdn1.mtggoldfish.com/images/gf/Snow-Covered%2BPlains%2B%253C276%253E%2B%255BKHM%255D.jpg,0,Snow-Covered Plains,4%,2.3,lands
pauper,https://cdn1.mtggoldfish.com/images/gf/Mortuary%2BMire%2B%255BAFC%255D.jpg,0,Mortuary Mire,3%,1.0,lands
pauper,https://cdn1.mtggoldfish.com/images/gf/Arctic%2BTreeline%2B%255BKHM%255D.jpg,0,Arctic Treeline,3%,1.7,lands
pauper,https://cdn1.mtggoldfish.com/images/gf/Snow-Covered%2BSwamp%2B%253C281%253E%2B%255BKHM%255D.jpg,0,Snow-Covered Swamp,3%,2.0,lands
pauper,https://cdn1.mtggoldfish.com/images/gf/Barren%2BMoor%2B%255BC21%255D.jpg,0,Barren Moor,3%,2.2,lands
pauper,https://cdn1.mtggoldfish.com/images/gf/Thriving%2BIsle%2B%255BAFC%255D.jpg,0,Thriving Isle,3%,3.3,lands
pauper,https://cdn1.mtggoldfish.com/images/gf/Slagwoods%2BBridge%2B%255BMH2%255D.jpg,0,Slagwoods Bridge,3%,3.5,lands
pauper,https://cdn1.mtggoldfish.com/images/gf/Kabira%2BCrossroads%2B%255BZEN%255D.jpg,0,Kabira Crossroads,3%,1.8,lands
pauper,https://cdn1.mtggoldfish.com/images/gf/Witch%2527s%2BCottage%2B%255BELD%255D.jpg,0,Witch's Cottage,3%,3.1,lands
pauper,https://cdn1.mtggoldfish.com/images/gf/Azorius%2BChancery%2B%255BAFC%255D.jpg,0,Azorius Chancery,3%,3.3,lands
pauper,https://cdn1.mtggoldfish.com/images/gf/Urza%2527s%2BTower%2B%253CPlains%253E%2B%255BCHR%255D.jpg,0,Urza's Tower,2%,4.0,lands
pauper,https://cdn1.mtggoldfish.com/images/gf/Urza%2527s%2BPower%2BPlant%2B%253CSphere%253E%2B%255BCHR%255D.jpg,0,Urza's Power Plant,2%,4.0,lands
pauper,https://cdn1.mtggoldfish.com/images/gf/Urza%2527s%2BMine%2B%253CSphere%253E%2B%255BCHR%255D.jpg,0,Urza's Mine,2%,4.0,lands
pauper,https://cdn1.mtggoldfish.com/images/gf/Darkmoss%2BBridge%2B%255BMH2%255D.jpg,0,Darkmoss Bridge,2%,3.2,lands
pauper,https://cdn1.mtggoldfish.com/images/gf/Tranquil%2BCove%2B%255BKTK%255D.jpg,0,Tranquil Cove,2%,2.6,lands
pauper,https://cdn1.mtggoldfish.com/images/gf/Scoured%2BBarrens%2B%255BNEO%255D.jpg,0,Scoured Barrens,2%,4.0,lands
pauper,https://cdn1.mtggoldfish.com/images/gf/Khalni%2BGarden%2B%255BC13%255D.jpg,0,Khalni Garden,1%,2.0,lands
pauper,https://cdn1.mtggoldfish.com/images/gf/Thornwood%2BFalls%2B%255BKTK%255D.jpg,0,Thornwood Falls,1%,1.5,lands
pauper,https://cdn1.mtggoldfish.com/images/gf/Thriving%2BGrove%2B%255BAFC%255D.jpg,0,Thriving Grove,1%,1.3,lands
pauper,https://cdn1.mtggoldfish.com/images/gf/Gorilla%2BShaman%2B%255BMH2%255D.jpg,0,Gorilla Shaman,24%,1.8,creatures
pauper,https://cdn1.mtggoldfish.com/images/gf/Relic%2Bof%2BProgenitus%2B%255BMMA%255D.jpg,0,Relic of Progenitus,36%,1.6,spells
pauper,https://cdn1.mtggoldfish.com/images/gf/Spellstutter%2BSprite%2B%255BMMA%255D.jpg,0,Spellstutter Sprite,20%,4.0,creatures
pauper,https://cdn1.mtggoldfish.com/images/gf/Ninja%2Bof%2Bthe%2BDeep%2BHours%2B%255BC15%255D.jpg,0,Ninja of the Deep Hours,20%,3.4,creatures
pauper,https://cdn1.mtggoldfish.com/images/gf/Faerie%2BSeer%2B%255BMH1%255D.jpg,0,Faerie Seer,20%,3.6,creatures
pauper,https://cdn1.mtggoldfish.com/images/gf/Thraben%2BInspector%2B%255B2XM%255D.jpg,0,Thraben Inspector,20%,3.9,creatures
pauper,https://cdn1.mtggoldfish.com/images/gf/Kor%2BSkyfisher%2B%255BMM3%255D.jpg,0,Kor Skyfisher,15%,4.0,creatures
pauper,https://cdn1.mtggoldfish.com/images/gf/Seeker%2Bof%2Bthe%2BWay%2B%255BIMA%255D.jpg,0,Seeker of the Way,14%,3.8,creatures
pauper,https://cdn1.mtggoldfish.com/images/gf/Glint%2BHawk%2B%255BSOM%255D.jpg,0,Glint Hawk,13%,4.0,creatures
pauper,https://cdn1.mtggoldfish.com/images/gf/Lightning%2BBolt%2B%255BMB1%255D.jpg,0,Lightning Bolt,36%,3.8,spells
pauper,https://cdn1.mtggoldfish.com/images/gf/Electrickery%2B%255BRTR%255D.jpg,0,Electrickery,33%,2.0,spells
pauper,https://cdn1.mtggoldfish.com/images/gf/Dispel%2B%255BBFZ%255D.jpg,0,Dispel,29%,2.0,spells
pauper,https://cdn1.mtggoldfish.com/images/gf/Counterspell%2B%255BMH2%255D.jpg,0,Counterspell,27%,3.8,spells
pauper,https://cdn1.mtggoldfish.com/images/gf/Red%2BElemental%2BBlast%2B%255B4ED%255D.jpg,0,Red Elemental Blast,27%,2.7,spells
pauper,https://cdn1.mtggoldfish.com/images/gf/Pyroblast%2B%255BICE%255D.jpg,0,Pyroblast,26%,3.1,spells
pauper,https://cdn1.mtggoldfish.com/images/gf/Galvanic%2BBlast%2B%255B2XM%255D.jpg,0,Galvanic Blast,25%,4.0,spells
pauper,https://cdn1.mtggoldfish.com/images/gf/Blue%2BElemental%2BBlast%2B%255B3ED%255D.jpg,0,Blue Elemental Blast,24%,3.1,spells
pauper,https://cdn1.mtggoldfish.com/images/gf/Preordain%2B%255BCMR%255D.jpg,0,Preordain,24%,3.7,spells
pauper,https://cdn1.mtggoldfish.com/images/gf/Dust%2Bto%2BDust%2B%255B5ED%255D.jpg,0,Dust to Dust,22%,3.1,spells
pauper,https://cdn1.mtggoldfish.com/images/gf/Gut%2BShot%2B%255BMM2%255D.jpg,0,Gut Shot,21%,3.0,spells
pauper,https://cdn1.mtggoldfish.com/images/gf/Makeshift%2BMunitions%2B%255BCMR%255D.jpg,0,Makeshift Munitions,19%,2.0,spells
pauper,https://cdn1.mtggoldfish.com/images/gf/Thorn%2Bof%2Bthe%2BBlack%2BRose%2B%255BCMR%255D.jpg,0,Thorn of the Black Rose,12%,2.3,creatures
pauper,https://cdn1.mtggoldfish.com/images/gf/Moon-Circuit%2BHacker%2B%253Cshowcase%253E%2B%255BNEO%255D.jpg,0,Moon-Circuit Hacker,12%,3.5,creatures
pauper,https://cdn1.mtggoldfish.com/images/gf/Augur%2Bof%2BBolas%2B%255BMB1%255D.jpg,0,Augur of Bolas,11%,3.7,creatures
pauper,https://cdn1.mtggoldfish.com/images/gf/Gurmag%2BAngler%2B%255BMB1%255D.jpg,0,Gurmag Angler,11%,1.9,creatures
pauper,https://cdn1.mtggoldfish.com/images/gf/Dawnbringer%2BCleric%2B%255BAFR%255D.jpg,0,Dawnbringer Cleric,10%,2.2,creatures
pauper,https://cdn1.mtggoldfish.com/images/gf/Standard%2BBearer%2B%255BAP%255D.jpg,0,Standard Bearer,10%,2.8,creatures
pauper,https://cdn1.mtggoldfish.com/images/gf/Silhana%2BLedgewalker%2B%255BGPT%255D.jpg,0,Silhana Ledgewalker,10%,3.0,creatures
pauper,https://cdn1.mtggoldfish.com/images/gf/Krark-Clan%2BShaman%2B%255BMRD%255D.jpg,0,Krark-Clan Shaman,10%,2.2,creatures
pauper,https://cdn1.mtggoldfish.com/images/gf/Mulldrifter%2B%255BAFC%255D.jpg,0,Mulldrifter,9%,3.7,creatures
pauper,https://cdn1.mtggoldfish.com/images/gf/Lone%2BMissionary%2B%255BMB1%255D.jpg,0,Lone Missionary,9%,2.1,creatures
pauper,https://cdn1.mtggoldfish.com/images/gf/Gladecover%2BScout%2B%255BM14%255D.jpg,0,Gladecover Scout,9%,4.0,creatures
pauper,https://cdn1.mtggoldfish.com/images/gf/Slippery%2BBogle%2B%255BEVE%255D.jpg,0,Slippery Bogle,9%,4.0,creatures
pauper,https://cdn1.mtggoldfish.com/images/gf/Fiery%2BCannonade%2B%255BCMR%255D.jpg,0,Fiery Cannonade,19%,1.7,spells
pauper,https://cdn1.mtggoldfish.com/images/gf/Chainer%2527s%2BEdict%2B%255BUMA%255D.jpg,0,Chainer's Edict,18%,2.3,spells
pauper,https://cdn1.mtggoldfish.com/images/gf/Cast%2BDown%2B%255BCMR%255D.jpg,0,Cast Down,18%,2.5,spells
pauper,https://cdn1.mtggoldfish.com/images/gf/Flaring%2BPain%2B%255BJUD%255D.jpg,0,Flaring Pain,18%,1.6,spells
pauper,https://cdn1.mtggoldfish.com/images/gf/Ichor%2BWellspring%2B%255B2XM%255D.jpg,0,Ichor Wellspring,17%,3.8,spells
pauper,https://cdn1.mtggoldfish.com/images/gf/Experimental%2BSynthesizer%2B%255BNEO%255D.jpg,0,Experimental Synthesizer,17%,3.6,spells
pauper,https://cdn1.mtggoldfish.com/images/gf/Duress%2B%255BDTK%255D.jpg,0,Duress,17%,2.8,spells
pauper,https://cdn1.mtggoldfish.com/images/gf/Weather%2Bthe%2BStorm%2B%255BMH1%255D.jpg,0,Weather the Storm,17%,2.3,spells
pauper,https://cdn1.mtggoldfish.com/images/gf/Rancor%2B%255BAFC%255D.jpg,0,Rancor,15%,3.9,spells
pauper,https://cdn1.mtggoldfish.com/images/gf/Hydroblast%2B%255B5ED%255D.jpg,0,Hydroblast,15%,3.1,spells
pauper,https://cdn1.mtggoldfish.com/images/gf/Suffocating%2BFumes%2B%255BIKO%255D.jpg,0,Suffocating Fumes,15%,2.5,spells
pauper,https://cdn1.mtggoldfish.com/images/gf/Journey%2Bto%2BNowhere%2B%255BZEN%255D.jpg,0,Journey to Nowhere,14%,2.4,spells
pauper,https://cdn1.mtggoldfish.com/images/gf/Crimson%2BAcolyte%2B%255BIN%255D.jpg,0,Crimson Acolyte,9%,2.5,creatures
pauper,https://cdn1.mtggoldfish.com/images/gf/Spire%2BGolem%2B%255BDST%255D.jpg,0,Spire Golem,8%,3.3,creatures
pauper,https://cdn1.mtggoldfish.com/images/gf/Quirion%2BRanger%2B%255BMH2%255D.jpg,0,Quirion Ranger,8%,3.4,creatures
pauper,https://cdn1.mtggoldfish.com/images/gf/Voldaren%2BEpicure%2B%255BVOW%255D.jpg,0,Voldaren Epicure,8%,3.9,creatures
pauper,https://cdn1.mtggoldfish.com/images/gf/Faerie%2BMiscreant%2B%255BM20%255D.jpg,0,Faerie Miscreant,8%,4.0,creatures
pauper,https://cdn1.mtggoldfish.com/images/gf/Crimson%2BFleet%2BCommodore%2B%255BCMR%255D.jpg,0,Crimson Fleet Commodore,8%,1.6,creatures
pauper,https://cdn1.mtggoldfish.com/images/gf/Scattershot%2BArcher%2B%255BCON%255D.jpg,0,Scattershot Archer,8%,2.8,creatures
pauper,https://cdn1.mtggoldfish.com/images/gf/Sea%2BGate%2BOracle%2B%255BC14%255D.jpg,0,Sea Gate Oracle,8%,2.9,creatures
pauper,https://cdn1.mtggoldfish.com/images/gf/Abrade%2B%255BVOW%255D.jpg,0,Abrade,14%,1.3,spells
pauper,https://cdn1.mtggoldfish.com/images/gf/Brainstorm%2B%255BC21%255D.jpg,0,Brainstorm,13%,3.1,spells
pauper,https://cdn1.mtggoldfish.com/images/gf/Echoing%2BTruth%2B%255BC19%255D.jpg,0,Echoing Truth,12%,1.2,spells
pauper,https://cdn1.mtggoldfish.com/images/gf/Revoke%2BExistence%2B%255BSOM%255D.jpg,0,Revoke Existence,11%,2.0,spells
pauper,https://cdn1.mtggoldfish.com/images/gf/Spell%2BPierce%2B%255BNEO%255D.jpg,0,Spell Pierce,11%,2.0,spells
pauper,https://cdn1.mtggoldfish.com/images/gf/Annul%2B%255BKHM%255D.jpg,0,Annul,10%,2.8,spells
pauper,https://cdn1.mtggoldfish.com/images/gf/Prismatic%2BStrands%2B%255BC19%255D.jpg,0,Prismatic Strands,10%,3.0,spells
pauper,https://cdn1.mtggoldfish.com/images/gf/Ethereal%2BArmor%2B%255BRTR%255D.jpg,0,Ethereal Armor,10%,4.0,spells
pauper,https://cdn1.mtggoldfish.com/images/gf/Golden%2BEgg%2B%255BELD%255D.jpg,0,Golden Egg,10%,3.2,spells
pauper,https://cdn1.mtggoldfish.com/images/gf/Faithless%2BLooting%2B%255BC21%255D.jpg,0,Faithless Looting,10%,3.3,spells
pauper,https://cdn1.mtggoldfish.com/images/gf/Deadly%2BDispute%2B%255BAFR%255D.jpg,0,Deadly Dispute,10%,3.8,spells
pauper,https://cdn1.mtggoldfish.com/images/gf/Thermo-Alchemist%2B%255BEMN%255D.jpg,0,Thermo-Alchemist,7%,4.0,creatures
pauper,https://cdn1.mtggoldfish.com/images/gf/Martyr%2Bof%2BAshes%2B%255BCSP%255D.jpg,0,Martyr of Ashes,6%,2.1,creatures
pauper,https://cdn1.mtggoldfish.com/images/gf/Stormbound%2BGeist%2B%255BDKA%255D.jpg,0,Stormbound Geist,6%,2.3,creatures
pauper,https://cdn1.mtggoldfish.com/images/gf/Ghitu%2BLavarunner%2B%255BDOM%255D.jpg,0,Ghitu Lavarunner,6%,2.8,creatures
pauper,https://cdn1.mtggoldfish.com/images/gf/Archaeomancer%2B%255BM14%255D.jpg,0,Archaeomancer,6%,2.5,creatures
pauper,https://cdn1.mtggoldfish.com/images/gf/Squadron%2BHawk%2B%255BA25%255D.jpg,0,Squadron Hawk,6%,4.0,creatures
pauper,https://cdn1.mtggoldfish.com/images/gf/Stonehorn%2BDignitary%2B%255BM12%255D.jpg,0,Stonehorn Dignitary,6%,2.2,creatures
pauper,https://cdn1.mtggoldfish.com/images/gf/Burning-Tree%2BEmissary%2B%255BMM3%255D.jpg,0,Burning-Tree Emissary,5%,4.0,creatures
pauper,https://cdn1.mtggoldfish.com/images/gf/Ardent%2BElementalist%2B%255BMID%255D.jpg,0,Ardent Elementalist,5%,1.3,creatures
pauper,https://cdn1.mtggoldfish.com/images/gf/Nest%2BInvader%2B%255BMM2%255D.jpg,0,Nest Invader,5%,3.9,creatures
modern,https://cdn1.mtggoldfish.com/images/gf/Misty%2BRainforest%2B%255BMH2%255D.jpg,0,Misty Rainforest,46%,2.8,lands
modern,https://cdn1.mtggoldfish.com/images/gf/Steam%2BVents%2B%255BGRN%255D.jpg,0,Steam Vents,44%,1.8,lands
modern,https://cdn1.mtggoldfish.com/images/gf/Forest%2B%253C254%253E%2B%255BTHB%255D.jpg,0,Forest,38%,2.3,lands
modern,https://cdn1.mtggoldfish.com/images/gf/Boseiju%252C%2BWho%2BEndures%2B%255BNEO%255D.jpg,0,"Boseiju, Who Endures",38%,2.1,lands
modern,https://cdn1.mtggoldfish.com/images/gf/Island%2B%253C251%253E%2B%255BTHB%255D.jpg,0,Island,37%,2.3,lands
pauper,https://cdn1.mtggoldfish.com/images/gf/Abundant%2BGrowth%2B%255BAFC%255D.jpg,0,Abundant Growth,10%,3.9,spells
pauper,https://cdn1.mtggoldfish.com/images/gf/Ram%2BThrough%2B%255BIKO%255D.jpg,0,Ram Through,10%,2.1,spells
pauper,https://cdn1.mtggoldfish.com/images/gf/Mutagenic%2BGrowth%2B%255BNPH%255D.jpg,0,Mutagenic Growth,9%,2.5,spells
pauper,https://cdn1.mtggoldfish.com/images/gf/Utopia%2BSprawl%2B%255BAFC%255D.jpg,0,Utopia Sprawl,9%,4.0,spells
pauper,https://cdn1.mtggoldfish.com/images/gf/Unexpected%2BFangs%2B%255BIKO%255D.jpg,0,Unexpected Fangs,9%,1.8,spells
pauper,https://cdn1.mtggoldfish.com/images/gf/Ancestral%2BMask%2B%255BEMA%255D.jpg,0,Ancestral Mask,9%,4.0,spells
pauper,https://cdn1.mtggoldfish.com/images/gf/Armadillo%2BCloak%2B%255BIN%255D.jpg,0,Armadillo Cloak,9%,4.0,spells
pauper,https://cdn1.mtggoldfish.com/images/gf/Smash%2Bto%2BSmithereens%2B%255BORI%255D.jpg,0,Smash to Smithereens,9%,3.6,spells
pauper,https://cdn1.mtggoldfish.com/images/gf/Rally%2Bthe%2BPeasants%2B%255BEMA%255D.jpg,0,Rally the Peasants,9%,2.1,spells
pauper,https://cdn1.mtggoldfish.com/images/gf/Nihil%2BSpellbomb%2B%255BSOM%255D.jpg,0,Nihil Spellbomb,9%,2.0,spells
pauper,https://cdn1.mtggoldfish.com/images/gf/Snuff%2BOut%2B%255BMM%255D.jpg,0,Snuff Out,9%,3.4,spells
pauper,https://cdn1.mtggoldfish.com/images/gf/Lifelink%2B%255BM12%255D.jpg,0,Lifelink,9%,1.5,spells
pauper,https://cdn1.mtggoldfish.com/images/gf/Spirited%2BCompanion%2B%255BNEO%255D.jpg,0,Spirited Companion,5%,3.9,creatures
pauper,https://cdn1.mtggoldfish.com/images/gf/Guardian%2Bof%2Bthe%2BGuildpact%2B%255BDIS%255D.jpg,0,Guardian of the Guildpact,5%,2.0,creatures
pauper,https://cdn1.mtggoldfish.com/images/gf/Firebrand%2BArcher%2B%255BHOU%255D.jpg,0,Firebrand Archer,5%,1.2,creatures
pauper,https://cdn1.mtggoldfish.com/images/gf/River%2BBoa%2B%255BMB1%255D.jpg,0,River Boa,5%,2.3,creatures
pauper,https://cdn1.mtggoldfish.com/images/gf/Palace%2BSentinels%2B%255BCMR%255D.jpg,0,Palace Sentinels,5%,2.1,creatures
pauper,https://cdn1.mtggoldfish.com/images/gf/Nettle%2BSentinel%2B%255BMB1%255D.jpg,0,Nettle Sentinel,5%,3.9,creatures
pauper,https://cdn1.mtggoldfish.com/images/gf/Crypt%2BRats%2B%255BMH1%255D.jpg,0,Crypt Rats,4%,2.0,creatures
pauper,https://cdn1.mtggoldfish.com/images/gf/Myr%2BEnforcer%2B%255BMMA%255D.jpg,0,Myr Enforcer,4%,4.0,creatures
pauper,https://cdn1.mtggoldfish.com/images/gf/Vault%2BSkirge%2B%255BNPH%255D.jpg,0,Vault Skirge,4%,2.2,creatures
pauper,https://cdn1.mtggoldfish.com/images/gf/Skarrgan%2BPit-Skulk%2B%255BGPT%255D.jpg,0,Skarrgan Pit-Skulk,4%,3.1,creatures
standard,https://cdn1.mtggoldfish.com/images/gf/Plains%2B%253C250%253E%2B%255BTHB%255D.jpg,0,Plains,58%,4.9,lands
standard,https://cdn1.mtggoldfish.com/images/gf/Eiganjo%252C%2BSeat%2Bof%2Bthe%2BEmpire%2B%255BNEO%255D.jpg,0,"Eiganjo, Seat of the Empire",48%,1.3,lands
standard,https://cdn1.mtggoldfish.com/images/gf/Island%2B%253C251%253E%2B%255BTHB%255D.jpg,0,Island,33%,2.3,lands
standard,https://cdn1.mtggoldfish.com/images/gf/Hive%2Bof%2Bthe%2BEye%2BTyrant%2B%255BAFR%255D.jpg,0,Hive of the Eye Tyrant,33%,2.6,lands
standard,https://cdn1.mtggoldfish.com/images/gf/Swamp%2B%253C252%253E%2B%255BTHB%255D.jpg,0,Swamp,33%,2.7,lands
standard,https://cdn1.mtggoldfish.com/images/gf/Mountain%2B%253C253%253E%2B%255BTHB%255D.jpg,0,Mountain,32%,3.7,lands
standard,https://cdn1.mtggoldfish.com/images/gf/Needleverge%2BPathway%2B%255BZNR%255D.jpg,0,Needleverge Pathway,31%,3.4,lands
modern,https://cdn1.mtggoldfish.com/images/gf/Scalding%2BTarn%2B%255BMH2%255D.jpg,0,Scalding Tarn,37%,2.6,lands
modern,https://cdn1.mtggoldfish.com/images/gf/Flooded%2BStrand%2B%255BKTK%255D.jpg,0,Flooded Strand,33%,3.2,lands
modern,https://cdn1.mtggoldfish.com/images/gf/Wooded%2BFoothills%2B%255BKTK%255D.jpg,0,Wooded Foothills,33%,2.6,lands
modern,https://cdn1.mtggoldfish.com/images/gf/Breeding%2BPool%2B%255BRNA%255D.jpg,0,Breeding Pool,32%,1.2,lands
modern,https://cdn1.mtggoldfish.com/images/gf/Stomping%2BGround%2B%255BRNA%255D.jpg,0,Stomping Ground,30%,1.4,lands
modern,https://cdn1.mtggoldfish.com/images/gf/Hallowed%2BFountain%2B%255BRNA%255D.jpg,0,Hallowed Fountain,28%,1.6,lands
modern,https://cdn1.mtggoldfish.com/images/gf/Plains%2B%253C250%253E%2B%255BTHB%255D.jpg,0,Plains,25%,1.8,lands
modern,https://cdn1.mtggoldfish.com/images/gf/Raugrin%2BTriome%2B%255BIKO%255D.jpg,0,Raugrin Triome,24%,1.1,lands
modern,https://cdn1.mtggoldfish.com/images/gf/Otawara%252C%2BSoaring%2BCity%2B%255BNEO%255D.jpg,0,"Otawara, Soaring City",24%,1.2,lands
modern,https://cdn1.mtggoldfish.com/images/gf/Windswept%2BHeath%2B%255BKTK%255D.jpg,0,Windswept Heath,24%,2.9,lands
modern,https://cdn1.mtggoldfish.com/images/gf/Sacred%2BFoundry%2B%255BGRN%255D.jpg,0,Sacred Foundry,24%,1.4,lands
modern,https://cdn1.mtggoldfish.com/images/gf/Mountain%2B%253C253%253E%2B%255BTHB%255D.jpg,0,Mountain,22%,2.4,lands
modern,https://cdn1.mtggoldfish.com/images/gf/Ketria%2BTriome%2B%253Cplaneswalker%2Bstamp%253E%2B%255BIKO%255D.jpg,0,Ketria Triome,21%,1.0,lands
modern,https://cdn1.mtggoldfish.com/images/gf/Temple%2BGarden%2B%255BGRN%255D.jpg,0,Temple Garden,19%,1.4,lands
modern,https://cdn1.mtggoldfish.com/images/gf/Cavern%2Bof%2BSouls%2B%255BAVR%255D.jpg,0,Cavern of Souls,17%,2.8,lands
modern,https://cdn1.mtggoldfish.com/images/gf/Spirebluff%2BCanal%2B%255BKLD%255D.jpg,0,Spirebluff Canal,16%,3.3,lands
pauper,https://cdn1.mtggoldfish.com/images/gf/Ephemerate%2B%255BMH1%255D.jpg,0,Ephemerate,9%,2.6,spells
pauper,https://cdn1.mtggoldfish.com/images/gf/Fireblast%2B%255BVI%255D.jpg,0,Fireblast,8%,3.7,spells
pauper,https://cdn1.mtggoldfish.com/images/gf/Heliod%2527s%2BPilgrim%2B%255BM15%255D.jpg,0,Heliod's Pilgrim,4%,1.8,creatures
pauper,https://cdn1.mtggoldfish.com/images/gf/Soul%2Bof%2BMigration%2B%255BMH2%255D.jpg,0,Soul of Migration,4%,1.2,creatures
standard,https://cdn1.mtggoldfish.com/images/gf/Brightclimb%2BPathway%2B%255BZNR%255D.jpg,0,Brightclimb Pathway,29%,3.8,lands
standard,https://cdn1.mtggoldfish.com/images/gf/Shattered%2BSanctum%2B%255BVOW%255D.jpg,0,Shattered Sanctum,28%,3.7,lands
standard,https://cdn1.mtggoldfish.com/images/gf/Hall%2Bof%2BStorm%2BGiants%2B%253Cclassic%2Bmodule%253E%2B%255BAFR%255D.jpg,0,Hall of Storm Giants,28%,1.5,lands
standard,https://cdn1.mtggoldfish.com/images/gf/Takenuma%252C%2BAbandoned%2BMire%2B%255BNEO%255D.jpg,0,"Takenuma, Abandoned Mire",27%,1.1,lands
standard,https://cdn1.mtggoldfish.com/images/gf/Otawara%252C%2BSoaring%2BCity%2B%255BNEO%255D.jpg,0,"Otawara, Soaring City",26%,1.1,lands
standard,https://cdn1.mtggoldfish.com/images/gf/Deserted%2BBeach%2B%255BMID%255D.jpg,0,Deserted Beach,25%,3.2,lands
standard,https://cdn1.mtggoldfish.com/images/gf/Cave%2Bof%2Bthe%2BFrost%2BDragon%2B%255BAFR%255D.jpg,0,Cave of the Frost Dragon,24%,1.8,lands
modern,https://cdn1.mtggoldfish.com/images/gf/Fury%2B%255BMH2%255D.jpg,0,Fury,34%,2.7,creatures
modern,https://cdn1.mtggoldfish.com/images/gf/Urza%2527s%2BSaga%2B%255BMH2%255D.jpg,0,Urza's Saga,16%,3.7,lands
modern,https://cdn1.mtggoldfish.com/images/gf/Polluted%2BDelta%2B%255BKTK%255D.jpg,0,Polluted Delta,16%,2.3,lands
modern,https://cdn1.mtggoldfish.com/images/gf/Snow-Covered%2BIsland%2B%253C279%253E%2B%255BKHM%255D.jpg,0,Snow-Covered Island,15%,1.9,lands
modern,https://cdn1.mtggoldfish.com/images/gf/Swamp%2B%253C252%253E%2B%255BTHB%255D.jpg,0,Swamp,14%,1.6,lands
modern,https://cdn1.mtggoldfish.com/images/gf/Snow-Covered%2BPlains%2B%253C276%253E%2B%255BKHM%255D.jpg,0,Snow-Covered Plains,13%,1.8,lands
modern,https://cdn1.mtggoldfish.com/images/gf/Arid%2BMesa%2B%255BMH2%255D.jpg,0,Arid Mesa,13%,2.8,lands
modern,https://cdn1.mtggoldfish.com/images/gf/Snow-Covered%2BForest%2B%253C285%253E%2B%255BKHM%255D.jpg,0,Snow-Covered Forest,13%,1.6,lands
modern,https://cdn1.mtggoldfish.com/images/gf/Verdant%2BCatacombs%2B%255BMH2%255D.jpg,0,Verdant Catacombs,12%,3.0,lands
modern,https://cdn1.mtggoldfish.com/images/gf/Fiery%2BIslet%2B%255BMH1%255D.jpg,0,Fiery Islet,11%,1.3,lands
standard,https://cdn1.mtggoldfish.com/images/gf/Hengegate%2BPathway%2B%255BKHM%255D.jpg,0,Hengegate Pathway,24%,3.1,lands
standard,https://cdn1.mtggoldfish.com/images/gf/Riverglide%2BPathway%2B%255BZNR%255D.jpg,0,Riverglide Pathway,21%,3.9,lands
standard,https://cdn1.mtggoldfish.com/images/gf/Sundown%2BPass%2B%255BVOW%255D.jpg,0,Sundown Pass,21%,2.5,lands
standard,https://cdn1.mtggoldfish.com/images/gf/Field%2Bof%2BRuin%2B%255BMID%255D.jpg,0,Field of Ruin,20%,1.7,lands
standard,https://cdn1.mtggoldfish.com/images/gf/Stormcarved%2BCoast%2B%255BVOW%255D.jpg,0,Stormcarved Coast,20%,3.8,lands
standard,https://cdn1.mtggoldfish.com/images/gf/Boseiju%252C%2BWho%2BEndures%2B%255BNEO%255D.jpg,0,"Boseiju, Who Endures",20%,1.3,lands
standard,https://cdn1.mtggoldfish.com/images/gf/Forest%2B%253C254%253E%2B%255BTHB%255D.jpg,0,Forest,19%,2.9,lands
standard,https://cdn1.mtggoldfish.com/images/gf/Branchloft%2BPathway%2B%253Cborderless%253E%2B%255BZNR%255D.jpg,0,Branchloft Pathway,17%,3.8,lands
standard,https://cdn1.mtggoldfish.com/images/gf/Lair%2Bof%2Bthe%2BHydra%2B%255BAFR%255D.jpg,0,Lair of the Hydra,17%,1.7,lands
standard,https://cdn1.mtggoldfish.com/images/gf/Sokenzan%252C%2BCrucible%2Bof%2BDefiance%2B%255BNEO%255D.jpg,0,"Sokenzan, Crucible of Defiance",15%,1.1,lands
standard,https://cdn1.mtggoldfish.com/images/gf/Overgrown%2BFarmland%2B%255BMID%255D.jpg,0,Overgrown Farmland,14%,3.1,lands
standard,https://cdn1.mtggoldfish.com/images/gf/Cragcrown%2BPathway%2B%255BZNR%255D.jpg,0,Cragcrown Pathway,14%,3.6,lands
standard,https://cdn1.mtggoldfish.com/images/gf/Clearwater%2BPathway%2B%255BZNR%255D.jpg,0,Clearwater Pathway,13%,3.5,lands
standard,https://cdn1.mtggoldfish.com/images/gf/Den%2Bof%2Bthe%2BBugbear%2B%255BAFR%255D.jpg,0,Den of the Bugbear,13%,2.1,lands
standard,https://cdn1.mtggoldfish.com/images/gf/Rockfall%2BVale%2B%255BDBL%255D.jpg,0,Rockfall Vale,9%,2.2,lands
modern,https://cdn1.mtggoldfish.com/images/gf/Endurance%2B%255BMH2%255D.jpg,0,Endurance,34%,2.5,creatures
modern,https://cdn1.mtggoldfish.com/images/gf/Ragavan%252C%2BNimble%2BPilferer%2B%255BMH2%255D.jpg,0,"Ragavan, Nimble Pilferer",25%,3.9,creatures
modern,https://cdn1.mtggoldfish.com/images/gf/Solitude%2B%255BMH2%255D.jpg,0,Solitude,23%,3.9,creatures
modern,https://cdn1.mtggoldfish.com/images/gf/Omnath%252C%2BLocus%2Bof%2BCreation%2B%253Cshowcase%253E%2B%255BZNR%255D.jpg,0,"Omnath, Locus of Creation",14%,3.9,creatures
modern,https://cdn1.mtggoldfish.com/images/gf/Dragon%2527s%2BRage%2BChanneler%2B%255BMH2%255D.jpg,0,Dragon's Rage Channeler,14%,4.0,creatures
modern,https://cdn1.mtggoldfish.com/images/gf/Yorion%252C%2BSky%2BNomad%2B%255BIKO%255D.jpg,0,"Yorion, Sky Nomad",13%,1.0,creatures
modern,https://cdn1.mtggoldfish.com/images/gf/Sanctifier%2Ben-Vec%2B%255BMH2%255D.jpg,0,Sanctifier en-Vec,12%,2.1,creatures
modern,https://cdn1.mtggoldfish.com/images/gf/Murktide%2BRegent%2B%253Cshowcase%253E%2B%255BMH2%255D.jpg,0,Murktide Regent,11%,3.7,creatures
modern,https://cdn1.mtggoldfish.com/images/gf/Brazen%2BBorrower%2B%255BELD%255D.jpg,0,Brazen Borrower,11%,2.7,creatures
modern,https://cdn1.mtggoldfish.com/images/gf/Valakut%252C%2Bthe%2BMolten%2BPinnacle%2B%255BPRM-LPC%255D.jpg,0,"Valakut, the Molten Pinnacle",10%,2.3,lands
modern,https://cdn1.mtggoldfish.com/images/gf/Overgrown%2BTomb%2B%255BGRN%255D.jpg,0,Overgrown Tomb,9%,2.0,lands
modern,https://cdn1.mtggoldfish.com/images/gf/Snow-Covered%2BMountain%2B%253C283%253E%2B%255BKHM%255D.jpg,0,Snow-Covered Mountain,9%,1.2,lands
modern,https://cdn1.mtggoldfish.com/images/gf/Bloodstained%2BMire%2B%255BKTK%255D.jpg,0,Bloodstained Mire,9%,3.3,lands
modern,https://cdn1.mtggoldfish.com/images/gf/Tolaria%2BWest%2B%255BTSR%255D.jpg,0,Tolaria West,9%,1.8,lands
modern,https://cdn1.mtggoldfish.com/images/gf/Blast%2BZone%2B%255BWAR%255D.jpg,0,Blast Zone,9%,1.2,lands
modern,https://cdn1.mtggoldfish.com/images/gf/Castle%2BGarenbrig%2B%255BELD%255D.jpg,0,Castle Garenbrig,9%,2.1,lands
modern,https://cdn1.mtggoldfish.com/images/gf/Urborg%252C%2BTomb%2Bof%2BYawgmoth%2B%255BTSR%255D.jpg,0,"Urborg, Tomb of Yawgmoth",8%,1.0,lands
modern,https://cdn1.mtggoldfish.com/images/gf/Blood%2BCrypt%2B%255BRNA%255D.jpg,0,Blood Crypt,8%,1.7,lands
modern,https://cdn1.mtggoldfish.com/images/gf/Simic%2BGrowth%2BChamber%2B%255BAFC%255D.jpg,0,Simic Growth Chamber,8%,4.0,lands
modern,https://cdn1.mtggoldfish.com/images/gf/Radiant%2BFountain%2B%255BM21%255D.jpg,0,Radiant Fountain,8%,1.0,lands
modern,https://cdn1.mtggoldfish.com/images/gf/Gruul%2BTurf%2B%255BNEC%255D.jpg,0,Gruul Turf,8%,2.9,lands
modern,https://cdn1.mtggoldfish.com/images/gf/Vesuva%2B%255BTSR%255D.jpg,0,Vesuva,8%,1.0,lands
modern,https://cdn1.mtggoldfish.com/images/gf/Bojuka%2BBog%2B%255BC21%255D.jpg,0,Bojuka Bog,7%,1.0,lands
modern,https://cdn1.mtggoldfish.com/images/gf/Engineered%2BExplosives%2B%255BUMA%255D.jpg,0,Engineered Explosives,40%,1.7,spells
standard,https://cdn1.mtggoldfish.com/images/gf/Luminarch%2BAspirant%2B%255BZNR%255D.jpg,0,Luminarch Aspirant,23%,3.9,creatures
standard,https://cdn1.mtggoldfish.com/images/gf/The%2BWandering%2BEmperor%2B%253Cborderless%253E%2B%255BNEO%255D.jpg,0,The Wandering Emperor,41%,2.6,spells
standard,https://cdn1.mtggoldfish.com/images/gf/Shipwreck%2BMarsh%2B%255BMID%255D.jpg,0,Shipwreck Marsh,9%,3.0,lands
standard,https://cdn1.mtggoldfish.com/images/gf/Blightstep%2BPathway%2B%255BKHM%255D.jpg,0,Blightstep Pathway,8%,3.4,lands
standard,https://cdn1.mtggoldfish.com/images/gf/Haunted%2BRidge%2B%255BMID%255D.jpg,0,Haunted Ridge,6%,3.3,lands
standard,https://cdn1.mtggoldfish.com/images/gf/Crawling%2BBarrens%2B%253Cplaneswalker%2Bstamp%253E%2B%255BZNR%255D.jpg,0,Crawling Barrens,5%,2.6,lands
standard,https://cdn1.mtggoldfish.com/images/gf/Snow-Covered%2BForest%2B%253C285%253E%2B%255BKHM%255D.jpg,0,Snow-Covered Forest,4%,17.2,lands
standard,https://cdn1.mtggoldfish.com/images/gf/Snow-Covered%2BSwamp%2B%253C281%253E%2B%255BKHM%255D.jpg,0,Snow-Covered Swamp,4%,8.4,lands
standard,https://cdn1.mtggoldfish.com/images/gf/Darkbore%2BPathway%2B%255BKHM%255D.jpg,0,Darkbore Pathway,3%,3.4,lands
standard,https://cdn1.mtggoldfish.com/images/gf/Barkchannel%2BPathway%2B%255BKHM%255D.jpg,0,Barkchannel Pathway,3%,3.3,lands
standard,https://cdn1.mtggoldfish.com/images/gf/Deathcap%2BGlade%2B%255BVOW%255D.jpg,0,Deathcap Glade,3%,2.8,lands
standard,https://cdn1.mtggoldfish.com/images/gf/Furycalm%2BSnarl%2B%255BSTX%255D.jpg,0,Furycalm Snarl,2%,3.6,lands
standard,https://cdn1.mtggoldfish.com/images/gf/Snow-Covered%2BPlains%2B%253C276%253E%2B%255BKHM%255D.jpg,0,Snow-Covered Plains,2%,7.9,lands
standard,https://cdn1.mtggoldfish.com/images/gf/Dreamroot%2BCascade%2B%255BVOW%255D.jpg,0,Dreamroot Cascade,2%,3.0,lands
standard,https://cdn1.mtggoldfish.com/images/gf/Shineshadow%2BSnarl%2B%255BSTX%255D.jpg,0,Shineshadow Snarl,1%,2.4,lands
standard,https://cdn1.mtggoldfish.com/images/gf/Woodland%2BChasm%2B%255BKHM%255D.jpg,0,Woodland Chasm,1%,2.4,lands
modern,https://cdn1.mtggoldfish.com/images/gf/Emrakul%252C%2Bthe%2BPromised%2BEnd%2B%255BEMN%255D.jpg,0,"Emrakul, the Promised End",10%,1.0,creatures
modern,https://cdn1.mtggoldfish.com/images/gf/Shardless%2BAgent%2B%255BMH2%255D.jpg,0,Shardless Agent,10%,4.0,creatures
modern,https://cdn1.mtggoldfish.com/images/gf/Walking%2BBallista%2B%255BAER%255D.jpg,0,Walking Ballista,10%,2.3,creatures
modern,https://cdn1.mtggoldfish.com/images/gf/Dryad%2Bof%2Bthe%2BIlysian%2BGrove%2B%255BTHB%255D.jpg,0,Dryad of the Ilysian Grove,10%,3.9,creatures
modern,https://cdn1.mtggoldfish.com/images/gf/Primeval%2BTitan%2B%255BIMA%255D.jpg,0,Primeval Titan,10%,3.9,creatures
modern,https://cdn1.mtggoldfish.com/images/gf/Emrakul%252C%2Bthe%2BAeons%2BTorn%2B%255BMM2%255D.jpg,0,"Emrakul, the Aeons Torn",9%,1.1,creatures
modern,https://cdn1.mtggoldfish.com/images/gf/Subtlety%2B%255BMH2%255D.jpg,0,Subtlety,9%,2.2,creatures
modern,https://cdn1.mtggoldfish.com/images/gf/Arboreal%2BGrazer%2B%255BWAR%255D.jpg,0,Arboreal Grazer,9%,3.8,creatures
modern,https://cdn1.mtggoldfish.com/images/gf/Ice-Fang%2BCoatl%2B%255BMH1%255D.jpg,0,Ice-Fang Coatl,9%,3.5,creatures
modern,https://cdn1.mtggoldfish.com/images/gf/Azusa%252C%2BLost%2Bbut%2BSeeking%2B%255BM21%255D.jpg,0,"Azusa, Lost but Seeking",8%,1.6,creatures
modern,https://cdn1.mtggoldfish.com/images/gf/Magus%2Bof%2Bthe%2BMoon%2B%255BTSR%255D.jpg,0,Magus of the Moon,8%,1.6,creatures
modern,https://cdn1.mtggoldfish.com/images/gf/Cultivator%2BColossus%2B%255BVOW%255D.jpg,0,Cultivator Colossus,8%,1.8,creatures
pioneer,https://cdn1.mtggoldfish.com/images/gf/Island%2B%253C251%253E%2B%255BTHB%255D.jpg,0,Island,37%,2.1,lands
pioneer,https://cdn1.mtggoldfish.com/images/gf/Otawara%252C%2BSoaring%2BCity%2B%255BNEO%255D.jpg,0,"Otawara, Soaring City",34%,1.2,lands
pioneer,https://cdn1.mtggoldfish.com/images/gf/Plains%2B%253C250%253E%2B%255BTHB%255D.jpg,0,Plains,31%,2.2,lands
pioneer,https://cdn1.mtggoldfish.com/images/gf/Hallowed%2BFountain%2B%255BRNA%255D.jpg,0,Hallowed Fountain,25%,3.5,lands
modern,https://cdn1.mtggoldfish.com/images/gf/Selesnya%2BSanctuary%2B%255BMIC%255D.jpg,0,Selesnya Sanctuary,7%,2.0,lands
modern,https://cdn1.mtggoldfish.com/images/gf/Castle%2BVantress%2B%255BELD%255D.jpg,0,Castle Vantress,7%,1.7,lands
modern,https://cdn1.mtggoldfish.com/images/gf/Sokenzan%252C%2BCrucible%2Bof%2BDefiance%2B%255BNEO%255D.jpg,0,"Sokenzan, Crucible of Defiance",7%,1.1,lands
modern,https://cdn1.mtggoldfish.com/images/gf/Nurturing%2BPeatland%2B%255BMH1%255D.jpg,0,Nurturing Peatland,7%,1.8,lands
modern,https://cdn1.mtggoldfish.com/images/gf/Mystic%2BGate%2B%255B2XM%255D.jpg,0,Mystic Gate,6%,2.3,lands
modern,https://cdn1.mtggoldfish.com/images/gf/Urza%2527s%2BMine%2B%253CSphere%253E%2B%255BCHR%255D.jpg,0,Urza's Mine,6%,4.0,lands
modern,https://cdn1.mtggoldfish.com/images/gf/Force%2Bof%2BVigor%2B%253Cretro%253E%2B%255BMH2%255D.jpg,0,Force of Vigor,40%,2.5,spells
modern,https://cdn1.mtggoldfish.com/images/gf/Relic%2Bof%2BProgenitus%2B%255BMMA%255D.jpg,0,Relic of Progenitus,37%,2.0,spells
modern,https://cdn1.mtggoldfish.com/images/gf/Lightning%2BBolt%2B%255BMB1%255D.jpg,0,Lightning Bolt,37%,3.4,spells
modern,https://cdn1.mtggoldfish.com/images/gf/Prismatic%2BEnding%2B%255BMH2%255D.jpg,0,Prismatic Ending,32%,3.6,spells
modern,https://cdn1.mtggoldfish.com/images/gf/Teferi%252C%2BTime%2BRaveler%2B%253Cplaneswalker%2Bstamp%253E%2B%255BPELD%255D.jpg,0,"Teferi, Time Raveler",29%,3.5,spells
modern,https://cdn1.mtggoldfish.com/images/gf/Counterspell%2B%255BMH2%255D.jpg,0,Counterspell,28%,3.8,spells
modern,https://cdn1.mtggoldfish.com/images/gf/Force%2Bof%2BNegation%2B%255BMH1%255D.jpg,0,Force of Negation,26%,2.8,spells
modern,https://cdn1.mtggoldfish.com/images/gf/Veil%2Bof%2BSummer%2B%255BPLIST%255D.jpg,0,Veil of Summer,25%,2.5,spells
modern,https://cdn1.mtggoldfish.com/images/gf/Expressive%2BIteration%2B%255BSTX%255D.jpg,0,Expressive Iteration,24%,3.9,spells
modern,https://cdn1.mtggoldfish.com/images/gf/Mystical%2BDispute%2B%255BELD%255D.jpg,0,Mystical Dispute,24%,2.2,spells
standard,https://cdn1.mtggoldfish.com/images/gf/Legion%2BAngel%2B%255BZNR%255D.jpg,0,Legion Angel,21%,3.9,creatures
standard,https://cdn1.mtggoldfish.com/images/gf/Malevolent%2BHermit%2B%255BMID%255D.jpg,0,Malevolent Hermit,21%,2.7,creatures
standard,https://cdn1.mtggoldfish.com/images/gf/Goldspan%2BDragon%2B%253Cplaneswalker%2Bstamp%253E%2B%255BKHM%255D.jpg,0,Goldspan Dragon,21%,3.7,creatures
standard,https://cdn1.mtggoldfish.com/images/gf/Shambling%2BGhast%2B%255BAFR%255D.jpg,0,Shambling Ghast,19%,3.1,creatures
standard,https://cdn1.mtggoldfish.com/images/gf/Elite%2BSpellbinder%2B%255BSTX%255D.jpg,0,Elite Spellbinder,19%,3.4,creatures
standard,https://cdn1.mtggoldfish.com/images/gf/Hullbreaker%2BHorror%2B%255BVOW%255D.jpg,0,Hullbreaker Horror,17%,1.8,creatures
standard,https://cdn1.mtggoldfish.com/images/gf/Smoldering%2BEgg%2B%255BMID%255D.jpg,0,Smoldering Egg,16%,2.9,creatures
standard,https://cdn1.mtggoldfish.com/images/gf/Reidane%252C%2BGod%2Bof%2Bthe%2BWorthy%2B%253Cshowcase%253E%2B%255BKHM%255D.jpg,0,"Reidane, God of the Worthy",16%,2.3,creatures
standard,https://cdn1.mtggoldfish.com/images/gf/Skyclave%2BApparition%2B%253Cplaneswalker%2Bstamp%253E%2B%255BZNR%255D.jpg,0,Skyclave Apparition,16%,3.4,creatures
standard,https://cdn1.mtggoldfish.com/images/gf/Eyetwitch%2B%255BSTX%255D.jpg,0,Eyetwitch,15%,3.6,creatures
standard,https://cdn1.mtggoldfish.com/images/gf/Wedding%2BAnnouncement%2B%255BVOW%255D.jpg,0,Wedding Announcement,36%,3.7,spells
standard,https://cdn1.mtggoldfish.com/images/gf/The%2BMeathook%2BMassacre%2B%255BMID%255D.jpg,0,The Meathook Massacre,33%,2.9,spells
standard,https://cdn1.mtggoldfish.com/images/gf/Valorous%2BStance%2B%253Cprecon%253E%2B%255BCMR%255D.jpg,0,Valorous Stance,33%,2.4,spells
standard,https://cdn1.mtggoldfish.com/images/gf/Disdainful%2BStroke%2B%255BKHM%255D.jpg,0,Disdainful Stroke,31%,2.3,spells
standard,https://cdn1.mtggoldfish.com/images/gf/Negate%2B%255BM12%255D.jpg,0,Negate,28%,2.2,spells
standard,https://cdn1.mtggoldfish.com/images/gf/Vanishing%2BVerse%2B%255BSTX%255D.jpg,0,Vanishing Verse,28%,3.0,spells
standard,https://cdn1.mtggoldfish.com/images/gf/Go%2BBlank%2B%255BSTX%255D.jpg,0,Go Blank,28%,2.3,spells
standard,https://cdn1.mtggoldfish.com/images/gf/Test%2Bof%2BTalents%2B%255BSTX%255D.jpg,0,Test of Talents,28%,1.6,spells
standard,https://cdn1.mtggoldfish.com/images/gf/Jwari%2BDisruption%2B%255BZNR%255D.jpg,0,Jwari Disruption,27%,3.0,spells
standard,https://cdn1.mtggoldfish.com/images/gf/Tranquil%2BCove%2B%255BKTK%255D.jpg,0,Tranquil Cove,1%,1.8,lands
standard,https://cdn1.mtggoldfish.com/images/gf/Snow-Covered%2BIsland%2B%253C279%253E%2B%255BKHM%255D.jpg,0,Snow-Covered Island,1%,10.2,lands
standard,https://cdn1.mtggoldfish.com/images/gf/Roadside%2BReliquary%2B%255BNEO%255D.jpg,0,Roadside Reliquary,1%,1.8,lands
standard,https://cdn1.mtggoldfish.com/images/gf/Treasure%2BVault%2B%255BAFR%255D.jpg,0,Treasure Vault,1%,2.3,lands
standard,https://cdn1.mtggoldfish.com/images/gf/Snowfield%2BSinkhole%2B%255BKHM%255D.jpg,0,Snowfield Sinkhole,1%,3.9,lands
standard,https://cdn1.mtggoldfish.com/images/gf/Snow-Covered%2BMountain%2B%253C283%253E%2B%255BKHM%255D.jpg,0,Snow-Covered Mountain,1%,7.3,lands
standard,https://cdn1.mtggoldfish.com/images/gf/Frostboil%2BSnarl%2B%255BSTX%255D.jpg,0,Frostboil Snarl,1%,2.1,lands
modern,https://cdn1.mtggoldfish.com/images/gf/Wurmcoil%2BEngine%2B%255BC14%255D.jpg,0,Wurmcoil Engine,7%,1.9,creatures
modern,https://cdn1.mtggoldfish.com/images/gf/Foundation%2BBreaker%2B%255BMH2%255D.jpg,0,Foundation Breaker,7%,1.9,creatures
modern,https://cdn1.mtggoldfish.com/images/gf/Seasoned%2BPyromancer%2B%255BMH1%255D.jpg,0,Seasoned Pyromancer,7%,2.9,creatures
modern,https://cdn1.mtggoldfish.com/images/gf/Bonecrusher%2BGiant%2B%255BELD%255D.jpg,0,Bonecrusher Giant,6%,2.3,creatures
modern,https://cdn1.mtggoldfish.com/images/gf/Ignoble%2BHierarch%2B%253Cshowcase%253E%2B%255BMH2%255D.jpg,0,Ignoble Hierarch,6%,3.8,creatures
modern,https://cdn1.mtggoldfish.com/images/gf/Kaheera%252C%2Bthe%2BOrphanguard%2B%255BIKO%255D.jpg,0,"Kaheera, the Orphanguard",6%,1.0,creatures
modern,https://cdn1.mtggoldfish.com/images/gf/Grief%2B%255BMH2%255D.jpg,0,Grief,6%,4.0,creatures
modern,https://cdn1.mtggoldfish.com/images/gf/Sundering%2BTitan%2B%255B2XM%255D.jpg,0,Sundering Titan,6%,1.1,creatures
modern,https://cdn1.mtggoldfish.com/images/gf/Outland%2BLiberator%2B%253Cshowcase%253E%2B%255BMID%255D.jpg,0,Outland Liberator,5%,1.1,creatures
modern,https://cdn1.mtggoldfish.com/images/gf/Esper%2BSentinel%2B%255BMH2%255D.jpg,0,Esper Sentinel,5%,3.9,creatures
modern,https://cdn1.mtggoldfish.com/images/gf/Stoneforge%2BMystic%2B%255B2XM%255D.jpg,0,Stoneforge Mystic,5%,4.0,creatures
pioneer,https://cdn1.mtggoldfish.com/images/gf/Hall%2Bof%2BStorm%2BGiants%2B%253Cclassic%2Bmodule%253E%2B%255BAFR%255D.jpg,0,Hall of Storm Giants,24%,1.4,lands
pioneer,https://cdn1.mtggoldfish.com/images/gf/Forest%2B%253C254%253E%2B%255BTHB%255D.jpg,0,Forest,24%,4.0,lands
pioneer,https://cdn1.mtggoldfish.com/images/gf/Stomping%2BGround%2B%255BRNA%255D.jpg,0,Stomping Ground,19%,2.3,lands
pioneer,https://cdn1.mtggoldfish.com/images/gf/Swamp%2B%253C252%253E%2B%255BTHB%255D.jpg,0,Swamp,18%,5.0,lands
pioneer,https://cdn1.mtggoldfish.com/images/gf/Mana%2BConfluence%2B%255BJOU%255D.jpg,0,Mana Confluence,18%,1.8,lands
pioneer,https://cdn1.mtggoldfish.com/images/gf/Steam%2BVents%2B%255BGRN%255D.jpg,0,Steam Vents,18%,2.9,lands
pioneer,https://cdn1.mtggoldfish.com/images/gf/Eiganjo%252C%2BSeat%2Bof%2Bthe%2BEmpire%2B%255BNEO%255D.jpg,0,"Eiganjo, Seat of the Empire",18%,1.1,lands
pioneer,https://cdn1.mtggoldfish.com/images/gf/Boseiju%252C%2BWho%2BEndures%2B%255BNEO%255D.jpg,0,"Boseiju, Who Endures",18%,1.6,lands
pioneer,https://cdn1.mtggoldfish.com/images/gf/Botanical%2BSanctum%2B%255BKLD%255D.jpg,0,Botanical Sanctum,17%,3.3,lands
modern,https://cdn1.mtggoldfish.com/images/gf/Blood%2BMoon%2B%255BPLIST%255D.jpg,0,Blood Moon,20%,2.7,spells
modern,https://cdn1.mtggoldfish.com/images/gf/Chalice%2Bof%2Bthe%2BVoid%2B%255BMRD%255D.jpg,0,Chalice of the Void,19%,2.1,spells
modern,https://cdn1.mtggoldfish.com/images/gf/Wrenn%2Band%2BSix%2B%255BPLIST%255D.jpg,0,Wrenn and Six,19%,3.6,spells
modern,https://cdn1.mtggoldfish.com/images/gf/Dress%2BDown%2B%253Cshowcase%253E%2B%255BMH2%255D.jpg,0,Dress Down,18%,2.0,spells
modern,https://cdn1.mtggoldfish.com/images/gf/Unholy%2BHeat%2B%255BMH2%255D.jpg,0,Unholy Heat,18%,3.3,spells
modern,https://cdn1.mtggoldfish.com/images/gf/Spell%2BPierce%2B%255BNEO%255D.jpg,0,Spell Pierce,17%,1.9,spells
modern,https://cdn1.mtggoldfish.com/images/gf/Pithing%2BNeedle%2B%255BMID%255D.jpg,0,Pithing Needle,17%,1.1,spells
modern,https://cdn1.mtggoldfish.com/images/gf/Archmage%2527s%2BCharm%2B%255BMH1%255D.jpg,0,Archmage's Charm,16%,3.5,spells
modern,https://cdn1.mtggoldfish.com/images/gf/Jace%252C%2Bthe%2BMind%2BSculptor%2B%255BA25%255D.jpg,0,"Jace, the Mind Sculptor",16%,1.5,spells
modern,https://cdn1.mtggoldfish.com/images/gf/Mishra%2527s%2BBauble%2B%255BIMA%255D.jpg,0,Mishra's Bauble,14%,3.9,spells
modern,https://cdn1.mtggoldfish.com/images/gf/Thoughtseize%2B%255B2XM%255D.jpg,0,Thoughtseize,14%,3.2,spells
modern,https://cdn1.mtggoldfish.com/images/gf/Spreading%2BSeas%2B%255BZEN%255D.jpg,0,Spreading Seas,14%,3.2,spells
standard,https://cdn1.mtggoldfish.com/images/gf/Brutal%2BCathar%2B%255BMID%255D.jpg,0,Brutal Cathar,15%,3.4,creatures
standard,https://cdn1.mtggoldfish.com/images/gf/Lier%252C%2BDisciple%2Bof%2Bthe%2BDrowned%2B%253Cshowcase%253E%2B%255BMID%255D.jpg,0,"Lier, Disciple of the Drowned",14%,2.3,creatures
standard,https://cdn1.mtggoldfish.com/images/gf/Adeline%252C%2BResplendent%2BCathar%2B%255BMID%255D.jpg,0,"Adeline, Resplendent Cathar",13%,2.5,creatures
standard,https://cdn1.mtggoldfish.com/images/gf/Edgar%252C%2BCharmed%2BGroom%2B%255BVOW%255D.jpg,0,"Edgar, Charmed Groom",12%,1.7,creatures
standard,https://cdn1.mtggoldfish.com/images/gf/Spirited%2BCompanion%2B%255BNEO%255D.jpg,0,Spirited Companion,12%,3.6,creatures
standard,https://cdn1.mtggoldfish.com/images/gf/Thalia%252C%2BGuardian%2Bof%2BThraben%2B%255BVOW%255D.jpg,0,"Thalia, Guardian of Thraben",12%,3.5,creatures
standard,https://cdn1.mtggoldfish.com/images/gf/Jukai%2BNaturalist%2B%255BNEO%255D.jpg,0,Jukai Naturalist,11%,4.0,creatures
standard,https://cdn1.mtggoldfish.com/images/gf/Hopeful%2BInitiate%2B%253Cextended%253E%2B%255BVOW%255D.jpg,0,Hopeful Initiate,11%,3.7,creatures
standard,https://cdn1.mtggoldfish.com/images/gf/Generous%2BVisitor%2B%255BNEO%255D.jpg,0,Generous Visitor,10%,3.9,creatures
standard,https://cdn1.mtggoldfish.com/images/gf/Intrepid%2BAdversary%2B%255BDBL%255D.jpg,0,Intrepid Adversary,10%,3.1,creatures
standard,https://cdn1.mtggoldfish.com/images/gf/Kami%2Bof%2BTransience%2B%255BNEO%255D.jpg,0,Kami of Transience,9%,3.0,creatures
standard,https://cdn1.mtggoldfish.com/images/gf/Duress%2B%255BDTK%255D.jpg,0,Duress,24%,3.0,spells
standard,https://cdn1.mtggoldfish.com/images/gf/Doomskar%2B%255BKHM%255D.jpg,0,Doomskar,23%,2.4,spells
standard,https://cdn1.mtggoldfish.com/images/gf/Lolth%252C%2BSpider%2BQueen%2B%255BAFR%255D.jpg,0,"Lolth, Spider Queen",23%,2.4,spells
standard,https://cdn1.mtggoldfish.com/images/gf/Fading%2BHope%2B%255BMID%255D.jpg,0,Fading Hope,23%,2.6,spells
standard,https://cdn1.mtggoldfish.com/images/gf/Deadly%2BDispute%2B%255BAFR%255D.jpg,0,Deadly Dispute,20%,3.5,spells
standard,https://cdn1.mtggoldfish.com/images/gf/Sorin%2Bthe%2BMirthless%2B%255BVOW%255D.jpg,0,Sorin the Mirthless,20%,1.7,spells
standard,https://cdn1.mtggoldfish.com/images/gf/Expressive%2BIteration%2B%255BSTX%255D.jpg,0,Expressive Iteration,20%,3.8,spells
standard,https://cdn1.mtggoldfish.com/images/gf/Environmental%2BSciences%2B%255BSTX%255D.jpg,0,Environmental Sciences,20%,1.1,spells
standard,https://cdn1.mtggoldfish.com/images/gf/Farewell%2B%255BNEO%255D.jpg,0,Farewell,20%,2.2,spells
standard,https://cdn1.mtggoldfish.com/images/gf/Spikefield%2BHazard%2B%255BZNR%255D.jpg,0,Spikefield Hazard,19%,3.4,spells
standard,https://cdn1.mtggoldfish.com/images/gf/Mascot%2BExhibition%2B%255BSTX%255D.jpg,0,Mascot Exhibition,19%,1.1,spells
standard,https://cdn1.mtggoldfish.com/images/gf/Rite%2Bof%2BOblivion%2B%255BMID%255D.jpg,0,Rite of Oblivion,19%,3.1,spells
pioneer,https://cdn1.mtggoldfish.com/images/gf/Hullbreaker%2BHorror%2B%255BVOW%255D.jpg,0,Hullbreaker Horror,15%,1.2,creatures
modern,https://cdn1.mtggoldfish.com/images/gf/Scavenging%2BOoze%2B%255BM21%255D.jpg,0,Scavenging Ooze,5%,1.7,creatures
modern,https://cdn1.mtggoldfish.com/images/gf/Ulamog%252C%2Bthe%2BCeaseless%2BHunger%2B%255BBFZ%255D.jpg,0,"Ulamog, the Ceaseless Hunger",5%,1.8,creatures
modern,https://cdn1.mtggoldfish.com/images/gf/Snapcaster%2BMage%2B%255BPLIST%255D.jpg,0,Snapcaster Mage,5%,2.2,creatures
modern,https://cdn1.mtggoldfish.com/images/gf/Eternal%2BWitness%2B%253Cprecon%253E%2B%255BCMR%255D.jpg,0,Eternal Witness,5%,2.2,creatures
modern,https://cdn1.mtggoldfish.com/images/gf/Street%2BWraith%2B%255BMB1%255D.jpg,0,Street Wraith,5%,4.0,creatures
modern,https://cdn1.mtggoldfish.com/images/gf/Monastery%2BSwiftspear%2B%255BKTK%255D.jpg,0,Monastery Swiftspear,5%,4.0,creatures
modern,https://cdn1.mtggoldfish.com/images/gf/Birds%2Bof%2BParadise%2B%255BGK2%255D.jpg,0,Birds of Paradise,4%,3.7,creatures
modern,https://cdn1.mtggoldfish.com/images/gf/Kozilek%252C%2BButcher%2Bof%2BTruth%2B%255BPLIST%255D.jpg,0,"Kozilek, Butcher of Truth",4%,1.0,creatures
pioneer,https://cdn1.mtggoldfish.com/images/gf/Temple%2BGarden%2B%255BGRN%255D.jpg,0,Temple Garden,17%,3.3,lands
pioneer,https://cdn1.mtggoldfish.com/images/gf/Branchloft%2BPathway%2B%253Cborderless%253E%2B%255BZNR%255D.jpg,0,Branchloft Pathway,16%,3.3,lands
pioneer,https://cdn1.mtggoldfish.com/images/gf/Overgrown%2BTomb%2B%255BGRN%255D.jpg,0,Overgrown Tomb,16%,3.1,lands
pioneer,https://cdn1.mtggoldfish.com/images/gf/Hengegate%2BPathway%2B%255BKHM%255D.jpg,0,Hengegate Pathway,16%,3.8,lands
pioneer,https://cdn1.mtggoldfish.com/images/gf/Glacial%2BFortress%2B%255BXLN%255D.jpg,0,Glacial Fortress,15%,2.4,lands
pioneer,https://cdn1.mtggoldfish.com/images/gf/Mountain%2B%253C253%253E%2B%255BTHB%255D.jpg,0,Mountain,15%,3.5,lands
pioneer,https://cdn1.mtggoldfish.com/images/gf/Castle%2BArdenvale%2B%255BELD%255D.jpg,0,Castle Ardenvale,14%,1.4,lands
pioneer,https://cdn1.mtggoldfish.com/images/gf/Cragcrown%2BPathway%2B%255BZNR%255D.jpg,0,Cragcrown Pathway,14%,3.7,lands
pioneer,https://cdn1.mtggoldfish.com/images/gf/Field%2Bof%2BRuin%2B%255BMID%255D.jpg,0,Field of Ruin,14%,2.2,lands
pioneer,https://cdn1.mtggoldfish.com/images/gf/Breeding%2BPool%2B%255BRNA%255D.jpg,0,Breeding Pool,13%,1.4,lands
pioneer,https://cdn1.mtggoldfish.com/images/gf/Castle%2BVantress%2B%255BELD%255D.jpg,0,Castle Vantress,12%,1.9,lands
pioneer,https://cdn1.mtggoldfish.com/images/gf/Hive%2Bof%2Bthe%2BEye%2BTyrant%2B%255BAFR%255D.jpg,0,Hive of the Eye Tyrant,12%,2.1,lands
modern,https://cdn1.mtggoldfish.com/images/gf/Rest%2Bin%2BPeace%2B%255BSS2%255D.jpg,0,Rest in Peace,13%,2.0,spells
modern,https://cdn1.mtggoldfish.com/images/gf/Expedition%2BMap%2B%255BPLIST%255D.jpg,0,Expedition Map,13%,2.4,spells
modern,https://cdn1.mtggoldfish.com/images/gf/Leyline%2Bof%2BSanctity%2B%253Cplaneswalker%2Bstamp%253E%2B%255BM20%255D.jpg,0,Leyline of Sanctity,13%,3.2,spells
modern,https://cdn1.mtggoldfish.com/images/gf/Consider%2B%255BMID%255D.jpg,0,Consider,12%,3.9,spells
modern,https://cdn1.mtggoldfish.com/images/gf/Memory%2BDeluge%2B%255BMID%255D.jpg,0,Memory Deluge,11%,1.7,spells
modern,https://cdn1.mtggoldfish.com/images/gf/March%2Bof%2BOtherworldly%2BLight%2B%255BNEO%255D.jpg,0,March of Otherworldly Light,11%,2.1,spells
modern,https://cdn1.mtggoldfish.com/images/gf/Abundant%2BGrowth%2B%255BAFC%255D.jpg,0,Abundant Growth,11%,3.9,spells
modern,https://cdn1.mtggoldfish.com/images/gf/Path%2Bto%2BExile%2B%255B2XM%255D.jpg,0,Path to Exile,11%,2.4,spells
modern,https://cdn1.mtggoldfish.com/images/gf/Fire%2B%252F%252F%2BIce%2B%255BMB1%255D.jpg,0,Fire // Ice,11%,3.6,spells
modern,https://cdn1.mtggoldfish.com/images/gf/Wear%2B%252F%252F%2BTear%2B%253Cprecon%253E%2B%255BCMR%255D.jpg,0,Wear // Tear,10%,2.1,spells
modern,https://cdn1.mtggoldfish.com/images/gf/Prismari%2BCommand%2B%255BSTX%255D.jpg,0,Prismari Command,10%,1.7,spells
modern,https://cdn1.mtggoldfish.com/images/gf/Violent%2BOutburst%2B%255BARB%255D.jpg,0,Violent Outburst,10%,4.0,spells
standard,https://cdn1.mtggoldfish.com/images/gf/Runeforge%2BChampion%2B%255BKHM%255D.jpg,0,Runeforge Champion,9%,3.9,creatures
standard,https://cdn1.mtggoldfish.com/images/gf/Yasharn%252C%2BImplacable%2BEarth%2B%255BZNR%255D.jpg,0,"Yasharn, Implacable Earth",9%,1.8,creatures
standard,https://cdn1.mtggoldfish.com/images/gf/Guardian%2Bof%2BFaith%2B%255BAFR%255D.jpg,0,Guardian of Faith,9%,2.4,creatures
standard,https://cdn1.mtggoldfish.com/images/gf/Professor%2Bof%2BSymbology%2B%255BSTX%255D.jpg,0,Professor of Symbology,8%,3.2,creatures
standard,https://cdn1.mtggoldfish.com/images/gf/Welcoming%2BVampire%2B%255BVOW%255D.jpg,0,Welcoming Vampire,8%,2.3,creatures
standard,https://cdn1.mtggoldfish.com/images/gf/Usher%2Bof%2Bthe%2BFallen%2B%255BKHM%255D.jpg,0,Usher of the Fallen,7%,3.7,creatures
standard,https://cdn1.mtggoldfish.com/images/gf/Outland%2BLiberator%2B%253Cshowcase%253E%2B%255BMID%255D.jpg,0,Outland Liberator,7%,2.4,creatures
standard,https://cdn1.mtggoldfish.com/images/gf/Graveyard%2BTrespasser%2B%255BMID%255D.jpg,0,Graveyard Trespasser,7%,2.8,creatures
standard,https://cdn1.mtggoldfish.com/images/gf/Reckless%2BStormseeker%2B%253Cshowcase%253E%2B%255BMID%255D.jpg,0,Reckless Stormseeker,6%,3.5,creatures
standard,https://cdn1.mtggoldfish.com/images/gf/Hinata%252C%2BDawn-Crowned%2B%255BNEO%255D.jpg,0,"Hinata, Dawn-Crowned",6%,3.8,creatures
pioneer,https://cdn1.mtggoldfish.com/images/gf/Mystical%2BDispute%2B%255BELD%255D.jpg,0,Mystical Dispute,46%,3.0,spells
standard,https://cdn1.mtggoldfish.com/images/gf/Emeria%2527s%2BCall%2B%255BZNR%255D.jpg,0,Emeria's Call,18%,1.9,spells
standard,https://cdn1.mtggoldfish.com/images/gf/Portable%2BHole%2B%255BAFR%255D.jpg,0,Portable Hole,18%,2.7,spells
standard,https://cdn1.mtggoldfish.com/images/gf/Prismari%2BCommand%2B%255BSTX%255D.jpg,0,Prismari Command,17%,1.9,spells
standard,https://cdn1.mtggoldfish.com/images/gf/Behold%2Bthe%2BMultiverse%2B%255BKHM%255D.jpg,0,Behold the Multiverse,17%,2.4,spells
standard,https://cdn1.mtggoldfish.com/images/gf/Cinderclasm%2B%255BZNR%255D.jpg,0,Cinderclasm,17%,2.1,spells
standard,https://cdn1.mtggoldfish.com/images/gf/Burning%2BHands%2B%255BAFR%255D.jpg,0,Burning Hands,16%,2.3,spells
standard,https://cdn1.mtggoldfish.com/images/gf/Unexpected%2BWindfall%2B%255BAFR%255D.jpg,0,Unexpected Windfall,16%,3.6,spells
standard,https://cdn1.mtggoldfish.com/images/gf/Shatterskull%2BSmashing%2B%255BZNR%255D.jpg,0,Shatterskull Smashing,16%,1.8,spells
standard,https://cdn1.mtggoldfish.com/images/gf/Memory%2BDeluge%2B%255BMID%255D.jpg,0,Memory Deluge,16%,2.4,spells
standard,https://cdn1.mtggoldfish.com/images/gf/Necrotic%2BFumes%2B%255BSTX%255D.jpg,0,Necrotic Fumes,15%,1.0,spells
standard,https://cdn1.mtggoldfish.com/images/gf/Abrade%2B%255BVOW%255D.jpg,0,Abrade,15%,2.4,spells
pioneer,https://cdn1.mtggoldfish.com/images/gf/Llanowar%2BElves%2B%255BEVG%255D.jpg,0,Llanowar Elves,14%,3.9,creatures
pioneer,https://cdn1.mtggoldfish.com/images/gf/Prosperous%2BInnkeeper%2B%255BAFR%255D.jpg,0,Prosperous Innkeeper,14%,3.1,creatures
pioneer,https://cdn1.mtggoldfish.com/images/gf/Skyclave%2BApparition%2B%253Cplaneswalker%2Bstamp%253E%2B%255BZNR%255D.jpg,0,Skyclave Apparition,13%,3.2,creatures
pioneer,https://cdn1.mtggoldfish.com/images/gf/Elvish%2BMystic%2B%255BM14%255D.jpg,0,Elvish Mystic,13%,3.9,creatures
pioneer,https://cdn1.mtggoldfish.com/images/gf/Yasharn%252C%2BImplacable%2BEarth%2B%255BZNR%255D.jpg,0,"Yasharn, Implacable Earth",11%,1.3,creatures
pioneer,https://cdn1.mtggoldfish.com/images/gf/Arboreal%2BGrazer%2B%255BWAR%255D.jpg,0,Arboreal Grazer,11%,4.0,creatures
pioneer,https://cdn1.mtggoldfish.com/images/gf/Vizier%2Bof%2BTumbling%2BSands%2B%255BC20%255D.jpg,0,Vizier of Tumbling Sands,11%,4.0,creatures
pioneer,https://cdn1.mtggoldfish.com/images/gf/Fae%2Bof%2BWishes%2B%255BELD%255D.jpg,0,Fae of Wishes,11%,1.8,creatures
pioneer,https://cdn1.mtggoldfish.com/images/gf/Arclight%2BPhoenix%2B%255BGRN%255D.jpg,0,Arclight Phoenix,10%,4.0,creatures
pioneer,https://cdn1.mtggoldfish.com/images/gf/Elite%2BSpellbinder%2B%255BSTX%255D.jpg,0,Elite Spellbinder,10%,2.8,creatures
pioneer,https://cdn1.mtggoldfish.com/images/gf/Gilded%2BGoose%2B%255BELD%255D.jpg,0,Gilded Goose,10%,3.5,creatures
pioneer,https://cdn1.mtggoldfish.com/images/gf/Kalitas%252C%2BTraitor%2Bof%2BGhet%2B%255BOGW%255D.jpg,0,"Kalitas, Traitor of Ghet",10%,2.0,creatures
modern,https://cdn1.mtggoldfish.com/images/gf/Klothys%252C%2BGod%2Bof%2BDestiny%2B%255BTHB%255D.jpg,0,"Klothys, God of Destiny",4%,1.8,creatures
modern,https://cdn1.mtggoldfish.com/images/gf/Curator%2Bof%2BMysteries%2B%255BAFC%255D.jpg,0,Curator of Mysteries,4%,4.0,creatures
modern,https://cdn1.mtggoldfish.com/images/gf/Waker%2Bof%2BWaves%2B%255BM21%255D.jpg,0,Waker of Waves,4%,3.1,creatures
modern,https://cdn1.mtggoldfish.com/images/gf/Strangleroot%2BGeist%2B%255BDKA%255D.jpg,0,Strangleroot Geist,4%,4.0,creatures
modern,https://cdn1.mtggoldfish.com/images/gf/Striped%2BRiverwinder%2B%255BHOU%255D.jpg,0,Striped Riverwinder,4%,4.0,creatures
modern,https://cdn1.mtggoldfish.com/images/gf/Young%2BWolf%2B%255BDKA%255D.jpg,0,Young Wolf,4%,3.9,creatures
modern,https://cdn1.mtggoldfish.com/images/gf/Yawgmoth%252C%2BThran%2BPhysician%2B%255BMH1%255D.jpg,0,"Yawgmoth, Thran Physician",4%,4.0,creatures
pioneer,https://cdn1.mtggoldfish.com/images/gf/Blightstep%2BPathway%2B%255BKHM%255D.jpg,0,Blightstep Pathway,12%,3.5,lands
pioneer,https://cdn1.mtggoldfish.com/images/gf/Irrigated%2BFarmland%2B%255BC20%255D.jpg,0,Irrigated Farmland,12%,3.9,lands
pioneer,https://cdn1.mtggoldfish.com/images/gf/Takenuma%252C%2BAbandoned%2BMire%2B%255BNEO%255D.jpg,0,"Takenuma, Abandoned Mire",12%,1.1,lands
pioneer,https://cdn1.mtggoldfish.com/images/gf/Deserted%2BBeach%2B%255BMID%255D.jpg,0,Deserted Beach,12%,2.2,lands
pioneer,https://cdn1.mtggoldfish.com/images/gf/Blood%2BCrypt%2B%255BRNA%255D.jpg,0,Blood Crypt,12%,2.6,lands
pioneer,https://cdn1.mtggoldfish.com/images/gf/Watery%2BGrave%2B%255BGTC%255D.jpg,0,Watery Grave,11%,2.3,lands
pioneer,https://cdn1.mtggoldfish.com/images/gf/Haunted%2BRidge%2B%255BMID%255D.jpg,0,Haunted Ridge,11%,3.2,lands
pioneer,https://cdn1.mtggoldfish.com/images/gf/Lotus%2BField%2B%255BM20%255D.jpg,0,Lotus Field,11%,3.9,lands
pioneer,https://cdn1.mtggoldfish.com/images/gf/Sokenzan%252C%2BCrucible%2Bof%2BDefiance%2B%255BNEO%255D.jpg,0,"Sokenzan, Crucible of Defiance",11%,1.0,lands
pioneer,https://cdn1.mtggoldfish.com/images/gf/Stormcarved%2BCoast%2B%255BVOW%255D.jpg,0,Stormcarved Coast,11%,2.3,lands
pioneer,https://cdn1.mtggoldfish.com/images/gf/Thespian%2527s%2BStage%2B%255B2XM%255D.jpg,0,Thespian's Stage,11%,4.0,lands
pioneer,https://cdn1.mtggoldfish.com/images/gf/Riverglide%2BPathway%2B%255BZNR%255D.jpg,0,Riverglide Pathway,11%,4.0,lands
pioneer,https://cdn1.mtggoldfish.com/images/gf/Temple%2Bof%2BMystery%2B%255BC21%255D.jpg,0,Temple of Mystery,11%,3.1,lands
pioneer,https://cdn1.mtggoldfish.com/images/gf/Spirebluff%2BCanal%2B%255BKLD%255D.jpg,0,Spirebluff Canal,11%,3.8,lands
pioneer,https://cdn1.mtggoldfish.com/images/gf/Sunpetal%2BGrove%2B%255BM10%255D.jpg,0,Sunpetal Grove,10%,1.8,lands
modern,https://cdn1.mtggoldfish.com/images/gf/Alpine%2BMoon%2B%255BM19%255D.jpg,0,Alpine Moon,10%,1.7,spells
modern,https://cdn1.mtggoldfish.com/images/gf/Dismember%2B%255BNPH%255D.jpg,0,Dismember,10%,2.0,spells
modern,https://cdn1.mtggoldfish.com/images/gf/Tormod%2527s%2BCrypt%2B%255BM21%255D.jpg,0,Tormod's Crypt,9%,1.3,spells
modern,https://cdn1.mtggoldfish.com/images/gf/Supreme%2BVerdict%2B%255BMB1%255D.jpg,0,Supreme Verdict,9%,2.5,spells
modern,https://cdn1.mtggoldfish.com/images/gf/Dovin%2527s%2BVeto%2B%255BWAR%255D.jpg,0,Dovin's Veto,9%,2.1,spells
modern,https://cdn1.mtggoldfish.com/images/gf/Ephemerate%2B%255BMH1%255D.jpg,0,Ephemerate,9%,3.2,spells
modern,https://cdn1.mtggoldfish.com/images/gf/Summoner%2527s%2BPact%2B%255BTSR%255D.jpg,0,Summoner's Pact,9%,3.9,spells
modern,https://cdn1.mtggoldfish.com/images/gf/Karn%252C%2Bthe%2BGreat%2BCreator%2B%255BWAR%255D.jpg,0,"Karn, the Great Creator",9%,3.9,spells
modern,https://cdn1.mtggoldfish.com/images/gf/Ensnaring%2BBridge%2B%255B2XM%255D.jpg,0,Ensnaring Bridge,9%,1.3,spells
modern,https://cdn1.mtggoldfish.com/images/gf/Liquimetal%2BCoating%2B%255BSOM%255D.jpg,0,Liquimetal Coating,9%,1.1,spells
modern,https://cdn1.mtggoldfish.com/images/gf/Amulet%2Bof%2BVigor%2B%255BFMB1%255D.jpg,0,Amulet of Vigor,8%,4.0,spells
modern,https://cdn1.mtggoldfish.com/images/gf/Explore%2B%253Cprecon%253E%2B%255BCMR%255D.jpg,0,Explore,8%,2.5,spells
standard,https://cdn1.mtggoldfish.com/images/gf/Katilda%252C%2BDawnhart%2BMartyr%2B%253Cshowcase%253E%2B%255BVOW%255D.jpg,0,"Katilda, Dawnhart Martyr",5%,1.9,creatures
standard,https://cdn1.mtggoldfish.com/images/gf/Rabbit%2BBattery%2B%255BNEO%255D.jpg,0,Rabbit Battery,5%,3.4,creatures
standard,https://cdn1.mtggoldfish.com/images/gf/Archon%2Bof%2BEmeria%2B%253Cplaneswalker%2Bstamp%253E%2B%255BZNR%255D.jpg,0,Archon of Emeria,5%,2.6,creatures
standard,https://cdn1.mtggoldfish.com/images/gf/Valki%252C%2BGod%2Bof%2BLies%2B%255BKHM%255D.jpg,0,"Valki, God of Lies",5%,1.7,creatures
standard,https://cdn1.mtggoldfish.com/images/gf/Ao%252C%2Bthe%2BDawn%2BSky%2B%255BNEO%255D.jpg,0,"Ao, the Dawn Sky",4%,1.7,creatures
standard,https://cdn1.mtggoldfish.com/images/gf/Werewolf%2BPack%2BLeader%2B%255BAFR%255D.jpg,0,Werewolf Pack Leader,4%,3.8,creatures
standard,https://cdn1.mtggoldfish.com/images/gf/Prosperous%2BInnkeeper%2B%255BAFR%255D.jpg,0,Prosperous Innkeeper,4%,3.8,creatures
pioneer,https://cdn1.mtggoldfish.com/images/gf/Fatal%2BPush%2B%255B2XM%255D.jpg,0,Fatal Push,28%,3.6,spells
pioneer,https://cdn1.mtggoldfish.com/images/gf/Portable%2BHole%2B%255BAFR%255D.jpg,0,Portable Hole,25%,3.5,spells
pioneer,https://cdn1.mtggoldfish.com/images/gf/Rest%2Bin%2BPeace%2B%255BSS2%255D.jpg,0,Rest in Peace,25%,2.1,spells
pioneer,https://cdn1.mtggoldfish.com/images/gf/Deafening%2BSilence%2B%255BELD%255D.jpg,0,Deafening Silence,25%,2.1,spells
pioneer,https://cdn1.mtggoldfish.com/images/gf/Thoughtseize%2B%255B2XM%255D.jpg,0,Thoughtseize,24%,3.7,spells
pioneer,https://cdn1.mtggoldfish.com/images/gf/Aether%2BGust%2B%255BM20%255D.jpg,0,Aether Gust,23%,1.9,spells
pioneer,https://cdn1.mtggoldfish.com/images/gf/Narset%252C%2BParter%2Bof%2BVeils%2B%255BWAR%255D.jpg,0,"Narset, Parter of Veils",23%,2.7,spells
pioneer,https://cdn1.mtggoldfish.com/images/gf/Expressive%2BIteration%2B%255BSTX%255D.jpg,0,Expressive Iteration,20%,3.2,spells
pioneer,https://cdn1.mtggoldfish.com/images/gf/Dovin%2527s%2BVeto%2B%255BWAR%255D.jpg,0,Dovin's Veto,19%,3.1,spells
pioneer,https://cdn1.mtggoldfish.com/images/gf/Supreme%2BVerdict%2B%255BMB1%255D.jpg,0,Supreme Verdict,19%,2.8,spells
standard,https://cdn1.mtggoldfish.com/images/gf/The%2BCelestus%2B%255BMID%255D.jpg,0,The Celestus,15%,1.4,spells
standard,https://cdn1.mtggoldfish.com/images/gf/Showdown%2Bof%2Bthe%2BSkalds%2B%255BKHM%255D.jpg,0,Showdown of the Skalds,15%,3.4,spells
standard,https://cdn1.mtggoldfish.com/images/gf/Reckoner%2BBankbuster%2B%255BNEO%255D.jpg,0,Reckoner Bankbuster,14%,2.4,spells
standard,https://cdn1.mtggoldfish.com/images/gf/Fateful%2BAbsence%2B%255BMID%255D.jpg,0,Fateful Absence,14%,2.6,spells
standard,https://cdn1.mtggoldfish.com/images/gf/Pest%2BSummoning%2B%255BSTX%255D.jpg,0,Pest Summoning,14%,1.1,spells
standard,https://cdn1.mtggoldfish.com/images/gf/Infernal%2BGrasp%2B%255BMID%255D.jpg,0,Infernal Grasp,13%,2.3,spells
standard,https://cdn1.mtggoldfish.com/images/gf/Galvanic%2BIteration%2B%255BMID%255D.jpg,0,Galvanic Iteration,13%,2.3,spells
standard,https://cdn1.mtggoldfish.com/images/gf/Circle%2Bof%2BConfinement%2B%255BVOW%255D.jpg,0,Circle of Confinement,13%,3.1,spells
standard,https://cdn1.mtggoldfish.com/images/gf/The%2BRestoration%2Bof%2BEiganjo%2B%253Cextended%253E%2B%255BNEO%255D.jpg,0,The Restoration of Eiganjo,13%,3.1,spells
standard,https://cdn1.mtggoldfish.com/images/gf/Tamiyo%2527s%2BSafekeeping%2B%255BNEO%255D.jpg,0,Tamiyo's Safekeeping,13%,2.3,spells
standard,https://cdn1.mtggoldfish.com/images/gf/Soul%2BShatter%2B%255BZNR%255D.jpg,0,Soul Shatter,12%,1.6,spells
standard,https://cdn1.mtggoldfish.com/images/gf/March%2Bof%2BOtherworldly%2BLight%2B%255BNEO%255D.jpg,0,March of Otherworldly Light,12%,2.1,spells
pioneer,https://cdn1.mtggoldfish.com/images/gf/Brutal%2BCathar%2B%255BMID%255D.jpg,0,Brutal Cathar,9%,3.3,creatures
pioneer,https://cdn1.mtggoldfish.com/images/gf/Voice%2Bof%2BResurgence%2B%255B2XM%255D.jpg,0,Voice of Resurgence,9%,3.3,creatures
pioneer,https://cdn1.mtggoldfish.com/images/gf/Sylvan%2BCaryatid%2B%255BTHS%255D.jpg,0,Sylvan Caryatid,9%,4.0,creatures
pioneer,https://cdn1.mtggoldfish.com/images/gf/Kambal%252C%2BConsul%2Bof%2BAllocation%2B%255BKLD%255D.jpg,0,"Kambal, Consul of Allocation",9%,1.9,creatures
pioneer,https://cdn1.mtggoldfish.com/images/gf/Graveyard%2BTrespasser%2B%255BMID%255D.jpg,0,Graveyard Trespasser,9%,3.7,creatures
pioneer,https://cdn1.mtggoldfish.com/images/gf/Reidane%252C%2BGod%2Bof%2Bthe%2BWorthy%2B%253Cshowcase%253E%2B%255BKHM%255D.jpg,0,"Reidane, God of the Worthy",8%,1.7,creatures
pioneer,https://cdn1.mtggoldfish.com/images/gf/Kenrith%252C%2Bthe%2BReturned%2BKing%2B%255BELD%255D.jpg,0,"Kenrith, the Returned King",8%,1.0,creatures
pioneer,https://cdn1.mtggoldfish.com/images/gf/Thing%2Bin%2Bthe%2BIce%2B%255BSOI%255D.jpg,0,Thing in the Ice,8%,3.6,creatures
pioneer,https://cdn1.mtggoldfish.com/images/gf/Selfless%2BSpirit%2B%255BEMN%255D.jpg,0,Selfless Spirit,7%,2.5,creatures
pioneer,https://cdn1.mtggoldfish.com/images/gf/Mayhem%2BDevil%2B%255BWAR%255D.jpg,0,Mayhem Devil,7%,4.0,creatures
pioneer,https://cdn1.mtggoldfish.com/images/gf/Bonecrusher%2BGiant%2B%255BELD%255D.jpg,0,Bonecrusher Giant,7%,3.7,creatures
modern,https://cdn1.mtggoldfish.com/images/gf/Geralf%2527s%2BMessenger%2B%255BDKA%255D.jpg,0,Geralf's Messenger,4%,1.2,creatures
modern,https://cdn1.mtggoldfish.com/images/gf/Tireless%2BTracker%2B%255BSOI%255D.jpg,0,Tireless Tracker,4%,1.8,creatures
pioneer,https://cdn1.mtggoldfish.com/images/gf/Raugrin%2BTriome%2B%255BIKO%255D.jpg,0,Raugrin Triome,10%,2.6,lands
pioneer,https://cdn1.mtggoldfish.com/images/gf/Ketria%2BTriome%2B%253Cplaneswalker%2Bstamp%253E%2B%255BIKO%255D.jpg,0,Ketria Triome,10%,1.9,lands
pioneer,https://cdn1.mtggoldfish.com/images/gf/Yavimaya%2BCoast%2B%255BC21%255D.jpg,0,Yavimaya Coast,9%,2.6,lands
pioneer,https://cdn1.mtggoldfish.com/images/gf/Fabled%2BPassage%2B%255BM21%255D.jpg,0,Fabled Passage,9%,2.4,lands
pioneer,https://cdn1.mtggoldfish.com/images/gf/Blooming%2BMarsh%2B%255BKLD%255D.jpg,0,Blooming Marsh,9%,3.9,lands
pioneer,https://cdn1.mtggoldfish.com/images/gf/Castle%2BLocthwain%2B%253Cplaneswalker%2Bstamp%253E%2B%255BPELD%255D.jpg,0,Castle Locthwain,9%,2.1,lands
pioneer,https://cdn1.mtggoldfish.com/images/gf/Blast%2BZone%2B%255BWAR%255D.jpg,0,Blast Zone,9%,1.1,lands
pioneer,https://cdn1.mtggoldfish.com/images/gf/Drowned%2BCatacomb%2B%255BM12%255D.jpg,0,Drowned Catacomb,9%,2.0,lands
pioneer,https://cdn1.mtggoldfish.com/images/gf/Darkbore%2BPathway%2B%255BKHM%255D.jpg,0,Darkbore Pathway,8%,3.9,lands
pioneer,https://cdn1.mtggoldfish.com/images/gf/Den%2Bof%2Bthe%2BBugbear%2B%255BAFR%255D.jpg,0,Den of the Bugbear,8%,2.3,lands
modern,https://cdn1.mtggoldfish.com/images/gf/Fatal%2BPush%2B%255B2XM%255D.jpg,0,Fatal Push,8%,2.6,spells
modern,https://cdn1.mtggoldfish.com/images/gf/Turntimber%2BSymbiosis%2B%255BZNR%255D.jpg,0,Turntimber Symbiosis,8%,2.6,spells
modern,https://cdn1.mtggoldfish.com/images/gf/Teferi%252C%2BHero%2Bof%2BDominaria%2B%255BPLIST%255D.jpg,0,"Teferi, Hero of Dominaria",8%,2.0,spells
standard,https://cdn1.mtggoldfish.com/images/gf/Voldaren%2BEpicure%2B%255BVOW%255D.jpg,0,Voldaren Epicure,4%,3.9,creatures
standard,https://cdn1.mtggoldfish.com/images/gf/Henrika%2BDomnathi%2B%253Cshowcase%253E%2B%255BVOW%255D.jpg,0,Henrika Domnathi,4%,1.9,creatures
standard,https://cdn1.mtggoldfish.com/images/gf/Halana%2Band%2BAlena%252C%2BPartners%2B%255BVOW%255D.jpg,0,"Halana and Alena, Partners",4%,3.1,creatures
standard,https://cdn1.mtggoldfish.com/images/gf/Silverquill%2BSilencer%2B%255BSTX%255D.jpg,0,Silverquill Silencer,4%,3.9,creatures
standard,https://cdn1.mtggoldfish.com/images/gf/Tangled%2BFlorahedron%2B%255BZNR%255D.jpg,0,Tangled Florahedron,3%,2.8,creatures
standard,https://cdn1.mtggoldfish.com/images/gf/Dawnbringer%2BCleric%2B%255BAFR%255D.jpg,0,Dawnbringer Cleric,3%,2.0,creatures
standard,https://cdn1.mtggoldfish.com/images/gf/Thundering%2BRaiju%2B%255BNEO%255D.jpg,0,Thundering Raiju,3%,3.1,creatures
standard,https://cdn1.mtggoldfish.com/images/gf/Old-Growth%2BTroll%2B%255BKHM%255D.jpg,0,Old-Growth Troll,3%,3.9,creatures
standard,https://cdn1.mtggoldfish.com/images/gf/Kazandu%2BMammoth%2B%253Cshowcase%253E%2B%255BZNR%255D.jpg,0,Kazandu Mammoth,3%,3.3,creatures
standard,https://cdn1.mtggoldfish.com/images/gf/Concealing%2BCurtains%2B%255BVOW%255D.jpg,0,Concealing Curtains,3%,2.9,creatures
pioneer,https://cdn1.mtggoldfish.com/images/gf/March%2Bof%2BOtherworldly%2BLight%2B%255BNEO%255D.jpg,0,March of Otherworldly Light,18%,3.6,spells
pioneer,https://cdn1.mtggoldfish.com/images/gf/Damping%2BSphere%2B%255BDOM%255D.jpg,0,Damping Sphere,18%,1.3,spells
pioneer,https://cdn1.mtggoldfish.com/images/gf/Go%2BBlank%2B%255BSTX%255D.jpg,0,Go Blank,18%,3.0,spells
pioneer,https://cdn1.mtggoldfish.com/images/gf/Consider%2B%255BMID%255D.jpg,0,Consider,17%,3.9,spells
pioneer,https://cdn1.mtggoldfish.com/images/gf/Abrupt%2BDecay%2B%255BPLIST%255D.jpg,0,Abrupt Decay,14%,2.0,spells
pioneer,https://cdn1.mtggoldfish.com/images/gf/Thought%2BDistortion%2B%255BM20%255D.jpg,0,Thought Distortion,14%,2.1,spells
pioneer,https://cdn1.mtggoldfish.com/images/gf/Opt%2B%255BM21%255D.jpg,0,Opt,13%,3.9,spells
pioneer,https://cdn1.mtggoldfish.com/images/gf/The%2BWandering%2BEmperor%2B%253Cborderless%253E%2B%255BNEO%255D.jpg,0,The Wandering Emperor,13%,2.7,spells
pioneer,https://cdn1.mtggoldfish.com/images/gf/Galvanic%2BIteration%2B%255BMID%255D.jpg,0,Galvanic Iteration,13%,1.6,spells
pioneer,https://cdn1.mtggoldfish.com/images/gf/Treasure%2BCruise%2B%255BKTK%255D.jpg,0,Treasure Cruise,13%,2.4,spells
pioneer,https://cdn1.mtggoldfish.com/images/gf/Dig%2BThrough%2BTime%2B%255BC21%255D.jpg,0,Dig Through Time,13%,1.6,spells
pioneer,https://cdn1.mtggoldfish.com/images/gf/Absorb%2B%255BRNA%255D.jpg,0,Absorb,13%,3.6,spells
standard,https://cdn1.mtggoldfish.com/images/gf/Bloodchief%2527s%2BThirst%2B%255BZNR%255D.jpg,0,Bloodchief's Thirst,12%,2.1,spells
standard,https://cdn1.mtggoldfish.com/images/gf/Hagra%2BMauling%2B%255BZNR%255D.jpg,0,Hagra Mauling,12%,1.5,spells
standard,https://cdn1.mtggoldfish.com/images/gf/Check%2Bfor%2BTraps%2B%255BAFR%255D.jpg,0,Check for Traps,12%,2.6,spells
standard,https://cdn1.mtggoldfish.com/images/gf/Kaito%2BShizuki%2B%255BNEO%255D.jpg,0,Kaito Shizuki,12%,3.1,spells
standard,https://cdn1.mtggoldfish.com/images/gf/Saw%2BIt%2BComing%2B%255BKHM%255D.jpg,0,Saw It Coming,11%,1.8,spells
pioneer,https://cdn1.mtggoldfish.com/images/gf/Winota%252C%2BJoiner%2Bof%2BForces%2B%255BIKO%255D.jpg,0,"Winota, Joiner of Forces",7%,4.0,creatures
pioneer,https://cdn1.mtggoldfish.com/images/gf/Blood%2BBaron%2Bof%2BVizkopa%2B%255BIMA%255D.jpg,0,Blood Baron of Vizkopa,7%,1.3,creatures
pioneer,https://cdn1.mtggoldfish.com/images/gf/Tovolar%2527s%2BHuntmaster%2B%255BMID%255D.jpg,0,Tovolar's Huntmaster,7%,3.9,creatures
pioneer,https://cdn1.mtggoldfish.com/images/gf/Omnath%252C%2BLocus%2Bof%2BCreation%2B%253Cshowcase%253E%2B%255BZNR%255D.jpg,0,"Omnath, Locus of Creation",7%,1.1,creatures
pioneer,https://cdn1.mtggoldfish.com/images/gf/Niv-Mizzet%2BReborn%2B%255BPLIST%255D.jpg,0,Niv-Mizzet Reborn,7%,3.3,creatures
pioneer,https://cdn1.mtggoldfish.com/images/gf/Valki%252C%2BGod%2Bof%2BLies%2B%255BKHM%255D.jpg,0,"Valki, God of Lies",7%,1.1,creatures
pioneer,https://cdn1.mtggoldfish.com/images/gf/Mausoleum%2BWanderer%2B%255BEMN%255D.jpg,0,Mausoleum Wanderer,7%,4.0,creatures
standard,https://cdn1.mtggoldfish.com/images/gf/Sungold%2BSentinel%2B%255BMID%255D.jpg,0,Sungold Sentinel,3%,2.2,creatures
pioneer,https://cdn1.mtggoldfish.com/images/gf/Shark%2BTyphoon%2B%255BIKO%255D.jpg,0,Shark Typhoon,13%,2.4,spells
pioneer,https://cdn1.mtggoldfish.com/images/gf/Teferi%252C%2BHero%2Bof%2BDominaria%2B%255BPLIST%255D.jpg,0,"Teferi, Hero of Dominaria",13%,3.1,spells
pioneer,https://cdn1.mtggoldfish.com/images/gf/Fiery%2BImpulse%2B%255BORI%255D.jpg,0,Fiery Impulse,12%,2.5,spells
pioneer,https://cdn1.mtggoldfish.com/images/gf/Tormod%2527s%2BCrypt%2B%255BM21%255D.jpg,0,Tormod's Crypt,11%,1.2,spells
pioneer,https://cdn1.mtggoldfish.com/images/gf/Kolaghan%2527s%2BCommand%2B%255BMB1%255D.jpg,0,Kolaghan's Command,11%,1.9,spells
pioneer,https://cdn1.mtggoldfish.com/images/gf/Grafdigger%2527s%2BCage%2B%255BM20%255D.jpg,0,Grafdigger's Cage,11%,1.5,spells
pioneer,https://cdn1.mtggoldfish.com/images/gf/Dreadbore%2B%255BRTR%255D.jpg,0,Dreadbore,11%,2.3,spells
pioneer,https://cdn1.mtggoldfish.com/images/gf/Pithing%2BNeedle%2B%255BMID%255D.jpg,0,Pithing Needle,11%,1.1,spells
pioneer,https://cdn1.mtggoldfish.com/images/gf/Skysovereign%252C%2BConsul%2BFlagship%2B%255BNEC%255D.jpg,0,"Skysovereign, Consul Flagship",11%,1.1,spells
pioneer,https://cdn1.mtggoldfish.com/images/gf/Memory%2BDeluge%2B%255BMID%255D.jpg,0,Memory Deluge,11%,2.2,spells
pioneer,https://cdn1.mtggoldfish.com/images/gf/Chart%2Ba%2BCourse%2B%255BJMP%255D.jpg,0,Chart a Course,11%,3.2,spells
pioneer,https://cdn1.mtggoldfish.com/images/gf/Supreme%2BPhantom%2B%255BVOC%255D.jpg,0,Supreme Phantom,7%,4.0,creatures
pioneer,https://cdn1.mtggoldfish.com/images/gf/Rattlechains%2B%255BJMP%255D.jpg,0,Rattlechains,7%,4.0,creatures
pioneer,https://cdn1.mtggoldfish.com/images/gf/The%2BScarab%2BGod%2B%255B2XM%255D.jpg,0,The Scarab God,6%,1.0,creatures
pioneer,https://cdn1.mtggoldfish.com/images/gf/Dream%2BTrawler%2B%255BTHB%255D.jpg,0,Dream Trawler,6%,1.2,creatures
pioneer,https://cdn1.mtggoldfish.com/images/gf/Crackling%2BDrake%2B%255BC19%255D.jpg,0,Crackling Drake,6%,1.6,creatures
pioneer,https://cdn1.mtggoldfish.com/images/gf/Cauldron%2BFamiliar%2B%255BJMP%255D.jpg,0,Cauldron Familiar,6%,4.0,creatures
pioneer,https://cdn1.mtggoldfish.com/images/gf/Murderous%2BRider%2B%255BELD%255D.jpg,0,Murderous Rider,6%,2.3,creatures
pioneer,https://cdn1.mtggoldfish.com/images/gf/Bloodtithe%2BHarvester%2B%255BVOW%255D.jpg,0,Bloodtithe Harvester,6%,3.9,creatures
pioneer,https://cdn1.mtggoldfish.com/images/gf/Notion%2BThief%2B%255BZNC%255D.jpg,0,Notion Thief,5%,1.5,creatures
pioneer,https://cdn1.mtggoldfish.com/images/gf/Voracious%2BHydra%2B%253Cplaneswalker%2Bstamp%253E%2B%255BM20%255D.jpg,0,Voracious Hydra,5%,3.3,creatures
pioneer,https://cdn1.mtggoldfish.com/images/gf/Shacklegeist%2B%255BM21%255D.jpg,0,Shacklegeist,5%,2.7,creatures
pioneer,https://cdn1.mtggoldfish.com/images/gf/Sylvan%2BScrying%2B%255BBFZ%255D.jpg,0,Sylvan Scrying,11%,4.0,spells
pioneer,https://cdn1.mtggoldfish.com/images/gf/Peer%2Binto%2Bthe%2BAbyss%2B%255BM21%255D.jpg,0,Peer into the Abyss,11%,1.7,spells
pioneer,https://cdn1.mtggoldfish.com/images/gf/Pore%2BOver%2Bthe%2BPages%2B%255BDDQ%255D.jpg,0,Pore Over the Pages,11%,4.0,spells
pioneer,https://cdn1.mtggoldfish.com/images/gf/Bala%2BGed%2BRecovery%2B%255BZNR%255D.jpg,0,Bala Ged Recovery,11%,3.1,spells
pioneer,https://cdn1.mtggoldfish.com/images/gf/Lightning%2BAxe%2B%255B2XM%255D.jpg,0,Lightning Axe,11%,4.0,spells
pioneer,https://cdn1.mtggoldfish.com/images/gf/Temporal%2BTrespass%2B%255BFRF%255D.jpg,0,Temporal Trespass,11%,1.8,spells
pioneer,https://cdn1.mtggoldfish.com/images/gf/Hidden%2BStrings%2B%255BDGM%255D.jpg,0,Hidden Strings,11%,4.0,spells
pioneer,https://cdn1.mtggoldfish.com/images/gf/Karn%252C%2Bthe%2BGreat%2BCreator%2B%255BWAR%255D.jpg,0,"Karn, the Great Creator",10%,4.0,spells
pioneer,https://cdn1.mtggoldfish.com/images/gf/Brazen%2BBorrower%2B%255BELD%255D.jpg,0,Brazen Borrower,5%,1.4,creatures
pioneer,https://cdn1.mtggoldfish.com/images/gf/Eidolon%2Bof%2BRhetoric%2B%255BJOU%255D.jpg,0,Eidolon of Rhetoric,5%,2.1,creatures
pioneer,https://cdn1.mtggoldfish.com/images/gf/Old-Growth%2BTroll%2B%255BKHM%255D.jpg,0,Old-Growth Troll,5%,3.8,creatures
pioneer,https://cdn1.mtggoldfish.com/images/gf/Knight%2Bof%2Bthe%2BEbon%2BLegion%2B%255BM20%255D.jpg,0,Knight of the Ebon Legion,5%,4.0,creatures
pioneer,https://cdn1.mtggoldfish.com/images/gf/Greasefang%252C%2BOkiba%2BBoss%2B%255BNEO%255D.jpg,0,"Greasefang, Okiba Boss",5%,4.0,creatures
pioneer,https://cdn1.mtggoldfish.com/images/gf/Jegantha%252C%2Bthe%2BWellspring%2B%255BIKO%255D.jpg,0,"Jegantha, the Wellspring",5%,1.0,creatures
pioneer,https://cdn1.mtggoldfish.com/images/gf/Empyrean%2BEagle%2B%255BKHC%255D.jpg,0,Empyrean Eagle,5%,4.0,creatures
pioneer,https://cdn1.mtggoldfish.com/images/gf/Archon%2Bof%2BEmeria%2B%253Cplaneswalker%2Bstamp%253E%2B%255BZNR%255D.jpg,0,Archon of Emeria,5%,3.2,creatures
pioneer,https://cdn1.mtggoldfish.com/images/gf/Farewell%2B%255BNEO%255D.jpg,0,Farewell,10%,1.5,spells
pioneer,https://cdn1.mtggoldfish.com/images/gf/Emergent%2BUltimatum%2B%253Cplaneswalker%2Bstamp%253E%2B%255BIKO%255D.jpg,0,Emergent Ultimatum,10%,2.9,spells
pioneer,https://cdn1.mtggoldfish.com/images/gf/Omniscience%2B%255BM19%255D.jpg,0,Omniscience,10%,1.0,spells
pioneer,https://cdn1.mtggoldfish.com/images/gf/Approach%2Bof%2Bthe%2BSecond%2BSun%2B%255BAKH%255D.jpg,0,Approach of the Second Sun,10%,1.0,spells
pioneer,https://cdn1.mtggoldfish.com/images/gf/Shimmer%2Bof%2BPossibility%2B%255BRNA%255D.jpg,0,Shimmer of Possibility,10%,4.0,spells
pioneer,https://cdn1.mtggoldfish.com/images/gf/Stern%2BDismissal%2B%255BTHB%255D.jpg,0,Stern Dismissal,10%,1.9,spells
pioneer,https://cdn1.mtggoldfish.com/images/gf/Pieces%2Bof%2Bthe%2BPuzzle%2B%255BSOI%255D.jpg,0,Pieces of the Puzzle,10%,3.6,spells
pioneer,https://cdn1.mtggoldfish.com/images/gf/Extinction%2BEvent%2B%253Cplaneswalker%2Bstamp%253E%2B%255BIKO%255D.jpg,0,Extinction Event,10%,1.3,spells
